blind_id,blind_image,dist,m_per_px_horiz,m2_per_px,align_shift_px,quality_ok,verdict,confidence,notes
B001,blind/B001.png,260.555,0.068,nan,1.000,yes,boundary_jitter,high,
B002,blind/B002.png,859.253,0.224,0.125,0.000,yes,canopy_overgrowth,high,
B003,blind/B003.png,689.004,0.180,nan,0.000,yes,canopy_overgrowth,medium,
B004,blind/B004.png,826.495,0.215,nan,1.000,yes,canopy_overgrowth,low,
B005,blind/B005.png,686.924,0.179,nan,0.000,yes,boundary_jitter,low,
B006,blind/B006.png,679.894,0.177,0.250,1.000,yes,boundary_jitter,low,
B007,blind/B007.png,735.222,0.192,nan,1.000,yes,boundary_jitter,medium,
B008,blind/B008.png,593.651,0.155,nan,0.000,yes,boundary_jitter,medium,
B009,blind/B009.png,897.082,0.234,0.250,0.000,yes,boundary_jitter,low,
B010,blind/B010.png,867.377,0.226,0.312,0.000,yes,boundary_jitter,high,
B011,blind/B011.png,509.666,0.133,0.125,0.000,yes,canopy_overgrowth,low,
B012,blind/B012.png,409.484,0.107,0.062,1.000,yes,boundary_jitter,low,
B013,blind/B013.png,482.256,0.126,nan,1.000,yes,boundary_jitter,medium,
B014,blind/B014.png,202.056,0.053,nan,1.414,yes,canopy_overgrowth,high,
B015,blind/B015.png,548.674,0.143,nan,1.000,yes,boundary_jitter,high,
B016,blind/B016.png,639.779,0.167,nan,0.000,yes,boundary_jitter,high,
B017,blind/B017.png,751.473,0.196,0.312,0.000,yes,boundary_jitter,high,
B018,blind/B018.png,257.500,0.067,nan,1.000,yes,boundary_jitter,high,
B019,blind/B019.png,669.936,0.175,0.062,1.000,yes,boundary_jitter,high,
B020,blind/B020.png,606.276,0.158,nan,1.000,yes,boundary_jitter,high,
B021,blind/B021.png,536.180,0.140,nan,1.000,yes,sasa_loss,medium,
B022,blind/B022.png,413.277,0.108,0.125,1.414,yes,boundary_jitter,high,
B023,blind/B023.png,755.042,0.197,nan,1.414,yes,boundary_jitter,low,
B024,blind/B024.png,806.512,0.210,0.188,1.000,yes,boundary_jitter,high,
B025,blind/B025.png,391.497,0.102,nan,1.000,yes,sasa_loss,low,
B026,blind/B026.png,793.179,0.207,nan,1.000,yes,boundary_jitter,high,
B027,blind/B027.png,492.495,0.128,0.062,0.000,yes,boundary_jitter,high,
B028,blind/B028.png,640.169,0.167,0.062,1.000,yes,canopy_overgrowth,medium,
B029,blind/B029.png,399.825,0.104,0.062,1.000,yes,boundary_jitter,medium,
B030,blind/B030.png,611.144,0.159,0.188,0.000,yes,canopy_overgrowth,medium,
B031,blind/B031.png,739.104,0.193,nan,1.000,yes,boundary_jitter,low,
B032,blind/B032.png,625.675,0.163,0.312,1.414,yes,boundary_jitter,medium,
B033,blind/B033.png,589.490,0.154,nan,1.000,yes,undecidable,,
B034,blind/B034.png,795.035,0.207,nan,0.000,yes,sasa_loss,low,
B035,blind/B035.png,512.245,0.134,nan,1.000,yes,sasa_loss,low,
B036,blind/B036.png,765.773,0.200,0.250,0.000,yes,boundary_jitter,low,
B037,blind/B037.png,829.098,0.216,nan,0.000,yes,boundary_jitter,low,
B038,blind/B038.png,688.471,0.179,0.375,1.000,yes,boundary_jitter,medium,
B039,blind/B039.png,748.775,0.195,0.125,1.000,yes,boundary_jitter,medium,
B040,blind/B040.png,620.449,0.162,nan,18.358,no,boundary_jitter,low,
B041,blind/B041.png,523.921,0.137,0.062,1.414,yes,boundary_jitter,low,
B042,blind/B042.png,818.323,0.213,0.312,1.000,yes,boundary_jitter,low,
B043,blind/B043.png,362.904,0.095,nan,0.000,yes,boundary_jitter,low,
B044,blind/B044.png,687.296,0.179,nan,1.000,yes,sasa_loss,medium,
B045,blind/B045.png,607.121,0.158,0.125,1.000,yes,boundary_jitter,low,
B046,blind/B046.png,544.733,0.142,0.188,1.000,yes,boundary_jitter,low,
B047,blind/B047.png,651.343,0.170,nan,1.000,yes,boundary_jitter,,
B048,blind/B048.png,816.586,0.213,0.688,1.000,yes,undecidable,,
B049,blind/B049.png,810.078,0.211,0.312,1.000,yes,boundary_jitter,high,
B050,blind/B050.png,775.112,0.202,nan,1.000,yes,boundary_jitter,high,
B051,blind/B051.png,835.742,0.218,0.562,1.000,yes,boundary_jitter,high,
B052,blind/B052.png,107.091,0.028,nan,25.495,no,undecidable,,
B053,blind/B053.png,775.165,0.202,0.125,0.000,yes,boundary_jitter,high,
B054,blind/B054.png,921.303,0.240,0.312,0.000,yes,boundary_jitter,,
B055,blind/B055.png,667.786,0.174,0.188,1.414,yes,boundary_jitter,,
B056,blind/B056.png,434.357,0.113,nan,1.414,yes,boundary_jitter,,
B057,blind/B057.png,750.383,0.196,nan,0.000,yes,boundary_jitter,,
B058,blind/B058.png,237.749,0.062,nan,1.414,yes,boundary_jitter,,
B059,blind/B059.png,504.835,0.132,nan,1.000,yes,boundary_jitter,,
B060,blind/B060.png,869.698,0.227,0.125,1.000,yes,boundary_jitter,,
B061,blind/B061.png,577.290,0.150,nan,1.000,yes,boundary_jitter,,
B062,blind/B062.png,501.272,0.131,0.188,1.000,yes,boundary_jitter,,
B063,blind/B063.png,747.143,0.195,nan,1.000,yes,boundary_jitter,,
B064,blind/B064.png,781.370,0.204,0.938,1.000,yes,boundary_jitter,,
B065,blind/B065.png,834.348,0.217,nan,1.000,yes,canopy_overgrowth,high,
B066,blind/B066.png,103.588,0.027,nan,9.434,no,boundary_jitter,,
B067,blind/B067.png,535.346,0.140,0.125,1.414,yes,canopy_overgrowth,,
B068,blind/B068.png,922.111,0.240,0.062,0.000,yes,boundary_jitter,,
B069,blind/B069.png,446.578,0.116,0.125,1.414,yes,boundary_jitter,,
B070,blind/B070.png,827.062,0.216,0.562,1.000,yes,boundary_jitter,,
B071,blind/B071.png,672.594,0.175,0.188,1.000,yes,boundary_jitter,,
B072,blind/B072.png,453.327,0.118,0.125,1.000,yes,boundary_jitter,,
B073,blind/B073.png,350.796,0.091,nan,0.000,yes,boundary_jitter,,
B074,blind/B074.png,783.879,0.204,0.188,1.000,yes,boundary_jitter,,
B075,blind/B075.png,795.239,0.207,nan,0.000,yes,boundary_jitter,,
B076,blind/B076.png,786.718,0.205,0.188,0.000,yes,boundary_jitter,,
B077,blind/B077.png,746.845,0.195,0.125,1.000,yes,boundary_jitter,,
B078,blind/B078.png,770.178,0.201,0.250,1.000,yes,undecidable,,
B079,blind/B079.png,746.668,0.195,0.250,1.414,yes,canopy_overgrowth,high,
B080,blind/B080.png,930.983,0.243,1.438,0.000,yes,canopy_overgrowth,low,
B081,blind/B081.png,424.758,0.111,0.125,1.000,yes,boundary_jitter,high,
B082,blind/B082.png,359.649,0.094,nan,1.000,yes,boundary_jitter,,
B083,blind/B083.png,745.720,0.194,nan,1.000,yes,boundary_jitter,,
B084,blind/B084.png,686.829,0.179,nan,1.000,yes,boundary_jitter,,
B085,blind/B085.png,878.574,0.229,0.062,0.000,yes,boundary_jitter,,
B086,blind/B086.png,785.678,0.205,0.312,0.000,yes,boundary_jitter,,
B087,blind/B087.png,520.875,0.136,nan,1.000,yes,boundary_jitter,,
B088,blind/B088.png,531.430,0.139,0.062,1.000,yes,boundary_jitter,,
B089,blind/B089.png,680.887,0.177,0.062,0.000,yes,boundary_jitter,,
B090,blind/B090.png,568.595,0.148,0.062,1.000,yes,boundary_jitter,,
B091,blind/B091.png,697.774,0.182,nan,0.000,yes,boundary_jitter,,
B092,blind/B092.png,365.171,0.095,0.125,1.000,yes,boundary_jitter,,
B093,blind/B093.png,509.067,0.133,nan,1.000,yes,boundary_jitter,,
B094,blind/B094.png,601.636,0.157,nan,0.000,yes,canopy_overgrowth,high,
B095,blind/B095.png,476.366,0.124,nan,2.000,yes,boundary_jitter,,
B096,blind/B096.png,940.772,0.245,0.250,1.000,yes,boundary_jitter,,
B097,blind/B097.png,430.344,0.112,0.062,1.000,yes,boundary_jitter,,
B098,blind/B098.png,902.676,0.235,0.125,1.414,yes,boundary_jitter,,
B099,blind/B099.png,387.618,0.101,0.062,0.000,yes,boundary_jitter,,
B100,blind/B100.png,756.696,0.197,0.062,1.000,yes,canopy_overgrowth,,
B101,blind/B101.png,771.597,0.201,nan,0.000,yes,canopy_overgrowth,,
B102,blind/B102.png,916.362,0.239,0.500,0.000,yes,boundary_jitter,,
B103,blind/B103.png,765.877,0.200,nan,0.000,yes,boundary_jitter,,
B104,blind/B104.png,239.500,0.062,0.125,1.414,yes,boundary_jitter,,
B105,blind/B105.png,557.807,0.145,nan,0.000,yes,boundary_jitter,,
B106,blind/B106.png,695.792,0.181,nan,1.000,yes,boundary_jitter,,
B107,blind/B107.png,778.989,0.203,0.188,0.000,yes,boundary_jitter,,
B108,blind/B108.png,422.237,0.110,nan,1.414,yes,boundary_jitter,,
B109,blind/B109.png,362.374,0.094,0.062,1.000,yes,boundary_jitter,,
B110,blind/B110.png,757.987,0.198,0.188,0.000,yes,boundary_jitter,,
B111,blind/B111.png,841.116,0.219,nan,0.000,yes,boundary_jitter,,
B112,blind/B112.png,696.335,0.182,0.250,0.000,yes,boundary_jitter,,
B113,blind/B113.png,484.424,0.126,0.188,3.606,no,boundary_jitter,,
B114,blind/B114.png,513.271,0.134,0.125,0.000,yes,canopy_overgrowth,,
B115,blind/B115.png,692.212,0.180,0.125,0.000,yes,boundary_jitter,,
B116,blind/B116.png,522.658,0.136,0.062,0.000,yes,canopy_overgrowth,,
B117,blind/B117.png,659.737,0.172,nan,0.000,yes,boundary_jitter,,
B118,blind/B118.png,551.087,0.144,0.125,1.000,yes,boundary_jitter,,
B119,blind/B119.png,892.768,0.233,0.250,0.000,yes,boundary_jitter,,
B120,blind/B120.png,640.169,0.167,0.062,1.000,yes,boundary_jitter,,
B121,blind/B121.png,609.153,0.159,0.375,1.000,yes,boundary_jitter,,
B122,blind/B122.png,807.942,0.211,0.125,1.000,yes,boundary_jitter,,
B123,blind/B123.png,514.509,0.134,0.188,2.236,no,boundary_jitter,,
B124,blind/B124.png,486.441,0.127,0.062,1.000,yes,boundary_jitter,,
B125,blind/B125.png,371.071,0.097,0.125,0.000,yes,boundary_jitter,,
B126,blind/B126.png,372.741,0.097,0.125,0.000,yes,boundary_jitter,,
B127,blind/B127.png,497.038,0.130,0.125,1.000,yes,boundary_jitter,,
B128,blind/B128.png,467.425,0.122,nan,1.000,yes,boundary_jitter,,
B129,blind/B129.png,767.484,0.200,0.312,1.414,yes,canopy_overgrowth,,
