blind_id,sample_id,stratum,cls2012,cls2021,x,y,z,row,col,u,v,annotated_figure,native_crop
B001,loss_to_otherveg_21,loss_to_otherveg,1,2,732956.5,4051044.75,2439.989990234375,1024,212,4488.82019397735,2170.7390088639995,crops/loss_to_otherveg_21.png,crops_native/loss_to_otherveg_21_native.png
B002,loss_to_dwarfpine_35,loss_to_dwarfpine,1,7,733588.5,4051198.75,2554.929931640625,870,844,2247.6381733490957,1438.1740963825414,crops/loss_to_dwarfpine_35.png,crops_native/loss_to_dwarfpine_35_native.png
B003,loss_to_dwarfpine_06,loss_to_dwarfpine,1,7,733423.5,4051164.75,2471.18994140625,904,679,2418.05391195517,1801.9711483411888,crops/loss_to_dwarfpine_06.png,crops_native/loss_to_dwarfpine_06_native.png
B004,loss_to_otherveg_13,loss_to_otherveg,1,2,733507.5,4051472.75,2479.300048828125,596,763,848.9749167927519,1772.7953722211946,crops/loss_to_otherveg_13.png,crops_native/loss_to_otherveg_13_native.png
B005,control_stable_sasa_10,control_stable_sasa,1,1,733421.5,4051167.75,2469.93994140625,901,677,2401.6178584007175,1808.7916919301351,crops/control_stable_sasa_10.png,crops_native/control_stable_sasa_10_native.png
B006,loss_to_rowan_01,loss_to_rowan,1,4,733414.5,4051194.75,2462.580078125,874,670,2249.9853109489704,1850.2193976890794,crops/loss_to_rowan_01.png,crops_native/loss_to_rowan_01_native.png
B007,loss_to_dwarfpine_12,loss_to_dwarfpine,1,7,733397.5,4050865.75,2509.090087890625,1203,653,4042.1706156526398,1593.1331523467056,crops/loss_to_dwarfpine_12.png,crops_native/loss_to_dwarfpine_12_native.png
B008,gain_dwarfpine_to_sasa_10,gain_dwarfpine_to_sasa,7,1,733301.5,4051350.75,2413.090087890625,718,557,1162.1340677400149,2192.6750320598308,crops/gain_dwarfpine_to_sasa_10.png,crops_native/gain_dwarfpine_to_sasa_10_native.png
B009,control_stable_dwarfpine_10,control_stable_dwarfpine,7,7,733623.5,4051205.75,2578.8701171875,863,879,2220.6260805848283,1351.6292980034186,crops/control_stable_dwarfpine_10.png,crops_native/control_stable_dwarfpine_10_native.png
B010,control_stable_dwarfpine_13,control_stable_dwarfpine,7,7,733394.5,4050629.75,2578.22998046875,1439,650,5179.252042067919,1247.490728590702,crops/control_stable_dwarfpine_13.png,crops_native/control_stable_dwarfpine_13_native.png
B011,loss_to_dwarfpine_28,loss_to_dwarfpine,1,7,733202.5,4050978.75,2439.27001953125,1090,458,3896.9226628045303,2017.420826328859,crops/loss_to_dwarfpine_28.png,crops_native/loss_to_dwarfpine_28_native.png
B012,control_stable_dwarfpine_14,control_stable_dwarfpine,7,7,733112.5,4051023.75,2436.6201171875,1045,368,3841.0293392836356,2080.447072812748,crops/control_stable_dwarfpine_14.png,crops_native/control_stable_dwarfpine_14_native.png
B013,loss_to_otherveg_19,loss_to_otherveg,1,2,733198.5,4051297.75,2398.580078125,771,454,1352.062674269123,2383.526647165514,crops/loss_to_otherveg_19.png,crops_native/loss_to_otherveg_19_native.png
B014,control_stable_sasa_20,control_stable_sasa,1,1,732924.5,4051123.75,2418.919921875,945,180,3436.6715672602795,2646.662671407329,crops/control_stable_sasa_20.png,crops_native/control_stable_sasa_20_native.png
B015,control_stable_sasa_05,control_stable_sasa,1,1,733280.5,4051190.75,2403.68994140625,878,536,2261.218178841113,2260.080553541602,crops/control_stable_sasa_05.png,crops_native/control_stable_sasa_05_native.png
B016,loss_to_maple_02,loss_to_maple,1,5,733369.5,4051258.75,2443.2099609375,810,625,1854.1563364634767,1968.7633263207658,crops/loss_to_maple_02.png,crops_native/loss_to_maple_02_native.png
B017,control_stable_sasa_16,control_stable_sasa,1,1,733432.5,4050907.75,2519.929931640625,1161,688,3757.8177967349334,1547.4771281953965,crops/control_stable_sasa_16.png,crops_native/control_stable_sasa_16_native.png
B018,loss_to_dwarfpine_25,loss_to_dwarfpine,1,7,732942.5,4051028.75,2444.669921875,1040,198,4860.665851580855,2111.989229750295,crops/loss_to_dwarfpine_25.png,crops_native/loss_to_dwarfpine_25_native.png
B019,loss_to_dwarfpine_08,loss_to_dwarfpine,1,7,733404.5,4051196.75,2460.1298828125,872,660,2237.321952133851,1864.0779936689764,crops/loss_to_dwarfpine_08.png,crops_native/loss_to_dwarfpine_08_native.png
B020,loss_to_dwarfpine_29,loss_to_dwarfpine,1,7,733324.5,4051316.75,2425.669921875,752,580,1434.0181995274356,2094.7771924222993,crops/loss_to_dwarfpine_29.png,crops_native/loss_to_dwarfpine_29_native.png
B021,loss_to_maple_03,loss_to_maple,1,5,733267.5,4051189.75,2399.489990234375,879,523,2267.0443529314994,2299.683340886556,crops/loss_to_maple_03.png,crops_native/loss_to_maple_03_native.png
B022,loss_to_otherveg_25,loss_to_otherveg,1,2,733130.5,4051251.75,2364.18994140625,817,386,1644.8030143954206,2800.876567265209,crops/loss_to_otherveg_25.png,crops_native/loss_to_otherveg_25_native.png
B023,control_stable_sasa_12,control_stable_sasa,1,1,733476.5,4051048.75,2510.889892578125,1020,732,2999.265476750513,1604.578580699502,crops/control_stable_sasa_12.png,crops_native/control_stable_sasa_12_native.png
B024,loss_to_otherveg_16,loss_to_otherveg,1,2,733485.5,4051474.75,2469.580078125,594,741,794.2400595346066,1821.0449892727884,crops/loss_to_otherveg_16.png,crops_native/loss_to_otherveg_16_native.png
B025,control_stable_sasa_11,control_stable_sasa,1,1,733078.5,4050993.75,2440.550048828125,1075,334,4267.9168718812625,2056.642289643592,crops/control_stable_sasa_11.png,crops_native/control_stable_sasa_11_native.png
B026,loss_to_otherveg_06,loss_to_otherveg,1,2,733522.5,4051251.75,2518.56005859375,817,778,1980.4834401225244,1578.7180812398667,crops/loss_to_otherveg_06.png,crops_native/loss_to_otherveg_06_native.png
B027,loss_to_otherveg_07,loss_to_otherveg,1,2,733182.5,4051374.75,2394.360107421875,694,438,632.521148052826,2447.9400862466296,crops/loss_to_otherveg_07.png,crops_native/loss_to_otherveg_07_native.png
B028,control_stable_sasa_17,control_stable_sasa,1,1,733331.5,4050948.75,2472.14990234375,1120,587,3750.2042854143565,1784.8588218495506,crops/control_stable_sasa_17.png,crops_native/control_stable_sasa_17_native.png
B029,loss_to_otherveg_17,loss_to_otherveg,1,2,733101.5,4051022.75,2435.389892578125,1046,357,3892.4322621839874,2098.448202157141,crops/loss_to_otherveg_17.png,crops_native/loss_to_otherveg_17_native.png
B030,loss_to_rowan_02,loss_to_rowan,1,4,733328.5,4051321.75,2428.75,747,584,1406.8345295920656,2073.235792708515,crops/loss_to_rowan_02.png,crops_native/loss_to_rowan_02_native.png
B031,control_stable_sasa_18,control_stable_sasa,1,1,733470.5,4051242.75,2492.030029296875,826,726,2003.305295595786,1697.6439135052478,crops/control_stable_sasa_18.png,crops_native/control_stable_sasa_18_native.png
B032,gain_dwarfpine_to_sasa_02,gain_dwarfpine_to_sasa,7,1,733359.5,4051159.75,2431.840087890625,909,615,2458.7691297662427,2036.0473614182636,crops/gain_dwarfpine_to_sasa_02.png,crops_native/gain_dwarfpine_to_sasa_02_native.png
B033,loss_to_dwarfpine_26,loss_to_dwarfpine,1,7,733292.5,4051364.75,2410.719970703125,704,548,1043.8842562892062,2215.528270657444,crops/loss_to_dwarfpine_26.png,crops_native/loss_to_dwarfpine_26_native.png
B034,control_stable_dwarfpine_06,control_stable_dwarfpine,7,7,733507.5,4051363.75,2495.169921875,705,763,1407.3890353991446,1690.7554322412184,crops/control_stable_dwarfpine_06.png,crops_native/control_stable_dwarfpine_06_native.png
B035,loss_to_dwarfpine_02,loss_to_dwarfpine,1,7,733240.5,4051220.75,2388.840087890625,848,496,2028.328437478761,2406.946604630993,crops/loss_to_dwarfpine_02.png,crops_native/loss_to_dwarfpine_02_native.png
B036,loss_to_alder_03,loss_to_alder,1,6,733460.5,4050944.75,2524.93994140625,1124,716,3528.5445157735144,1531.829804259052,crops/loss_to_alder_03.png,crops_native/loss_to_alder_03_native.png
B037,loss_to_otherveg_14,loss_to_otherveg,1,2,733551.5,4051307.75,2523.360107421875,761,807,1725.9472733264915,1565.8856770888872,crops/loss_to_otherveg_14.png,crops_native/loss_to_otherveg_14_native.png
B038,control_stable_dwarfpine_07,control_stable_dwarfpine,7,7,733364.5,4050903.75,2491.219970703125,1165,620,3923.695406217662,1679.9700875986086,crops/control_stable_dwarfpine_07.png,crops_native/control_stable_dwarfpine_07_native.png
B039,loss_to_dwarfpine_34,loss_to_dwarfpine,1,7,733423.5,4051473.75,2447.6298828125,595,679,659.0889764988599,1942.6649661523284,crops/loss_to_dwarfpine_34.png,crops_native/loss_to_dwarfpine_34_native.png
B040,gain_dwarfpine_to_sasa_09,gain_dwarfpine_to_sasa,7,1,733354.5,4051168.75,2431.8798828125,900,610,2404.293394976649,2037.650990589058,crops/gain_dwarfpine_to_sasa_09.png,crops_native/gain_dwarfpine_to_sasa_09_native.png
B041,loss_to_dwarfpine_21,loss_to_dwarfpine,1,7,733251.5,4051247.75,2405.429931640625,821,507,1830.3248190467511,2274.5990836750943,crops/loss_to_dwarfpine_21.png,crops_native/loss_to_dwarfpine_21_native.png
B042,control_stable_dwarfpine_01,control_stable_dwarfpine,7,7,733542.5,4051297.75,2517.800048828125,771,798,1767.5174684852163,1589.267642938672,crops/control_stable_dwarfpine_01.png,crops_native/control_stable_dwarfpine_01_native.png
B043,control_stable_sasa_19,control_stable_sasa,1,1,733081.5,4051080.75,2419.610107421875,988,337,3398.6899130747724,2286.7270142766506,crops/control_stable_sasa_19.png,crops_native/control_stable_sasa_19_native.png
B044,loss_to_otherveg_09,loss_to_otherveg,1,2,733414.5,4051281.75,2464.760009765625,787,670,1753.2906741160523,1839.578418944043,crops/loss_to_otherveg_09.png,crops_native/loss_to_otherveg_09_native.png
B045,loss_to_dwarfpine_16,loss_to_dwarfpine,1,7,733322.5,4051328.75,2426.280029296875,740,578,1350.6940784421256,2092.093890002106,crops/loss_to_dwarfpine_16.png,crops_native/loss_to_dwarfpine_16_native.png
B046,loss_to_dwarfpine_03,loss_to_dwarfpine,1,7,733276.5,4051191.75,2403.52001953125,877,532,2253.616757971754,2264.273834252796,crops/loss_to_dwarfpine_03.png,crops_native/loss_to_dwarfpine_03_native.png
B047,gain_dwarfpine_to_sasa_07,gain_dwarfpine_to_sasa,7,1,733385.5,4051206.75,2449.8798828125,862,641,2175.6147793254713,1924.9004771001084,crops/gain_dwarfpine_to_sasa_07.png,crops_native/gain_dwarfpine_to_sasa_07_native.png
B048,gain_dwarfpine_to_sasa_05,gain_dwarfpine_to_sasa,7,1,733545.5,4051250.75,2526.909912109375,818,801,1995.2469725601634,1547.183300556917,crops/gain_dwarfpine_to_sasa_05.png,crops_native/gain_dwarfpine_to_sasa_05_native.png
B049,control_stable_dwarfpine_12,control_stable_dwarfpine,7,7,733525.5,4051347.75,2513.280029296875,721,781,1507.8514579400137,1605.3825187363332,crops/control_stable_dwarfpine_12.png,crops_native/control_stable_dwarfpine_12_native.png
B050,loss_to_alder_02,loss_to_alder,1,6,733502.5,4051088.75,2514.4599609375,980,758,2783.3830993092315,1594.643816536507,crops/loss_to_alder_02.png,crops_native/loss_to_alder_02_native.png
B051,control_stable_dwarfpine_16,control_stable_dwarfpine,7,7,733549.5,4051356.75,2518.669921875,712,805,1488.9637710046516,1587.4073029692324,crops/control_stable_dwarfpine_16.png,crops_native/control_stable_dwarfpine_16_native.png
B052,loss_to_otherveg_29,loss_to_otherveg,1,2,732816.5,4051112.75,2443.969970703125,956,72,5153.965500762781,2524.430446370764,crops/loss_to_otherveg_29.png,crops_native/loss_to_otherveg_29_native.png
B053,loss_to_dwarfpine_11,loss_to_dwarfpine,1,7,733489.5,4051015.75,2524.409912109375,1053,745,3147.847852321125,1543.2397314289983,crops/loss_to_dwarfpine_11.png,crops_native/loss_to_dwarfpine_11_native.png
B054,loss_to_otherveg_18,loss_to_otherveg,1,2,733556.5,4050780.75,2577.780029296875,1288,812,4078.9732160903995,1346.4691000009127,crops/loss_to_otherveg_18.png,crops_native/loss_to_otherveg_18_native.png
B055,control_stable_sasa_15,control_stable_sasa,1,1,733402.5,4051188.75,2459.89990234375,880,658,2283.1760484325246,1865.2083389151433,crops/control_stable_sasa_15.png,crops_native/control_stable_sasa_15_native.png
B056,loss_to_rowan_04,loss_to_rowan,1,4,733161.5,4051171.75,2378.860107421875,897,417,2414.7174649362214,2586.7314018236875,crops/loss_to_rowan_04.png,crops_native/loss_to_rowan_04_native.png
B057,loss_to_dwarfpine_13,loss_to_dwarfpine,1,7,733429.5,4050902.75,2518.169921875,1166,685,3788.298668616376,1555.6575894551297,crops/loss_to_dwarfpine_13.png,crops_native/loss_to_dwarfpine_13_native.png
B058,loss_to_otherveg_11,loss_to_otherveg,1,2,732920.5,4051032.75,2442.469970703125,1036,176,5059.903948490251,2183.769219189217,crops/loss_to_otherveg_11.png,crops_native/loss_to_otherveg_11_native.png
B059,loss_to_otherveg_24,loss_to_otherveg,1,2,733233.5,4051134.75,2395.72998046875,934,489,2682.45062315314,2350.1856301447747,crops/loss_to_otherveg_24.png,crops_native/loss_to_otherveg_24_native.png
B060,control_stable_dwarfpine_09,control_stable_dwarfpine,7,7,733547.5,4051488.75,2484.7099609375,580,803,844.589134040257,1751.5828236813811,crops/control_stable_dwarfpine_09.png,crops_native/control_stable_dwarfpine_09_native.png
B061,loss_to_dwarfpine_01,loss_to_dwarfpine,1,7,733292.5,4051032.75,2438.010009765625,1036,548,3317.8999734107197,2005.9742300826915,crops/loss_to_dwarfpine_01.png,crops_native/loss_to_dwarfpine_01_native.png
B062,loss_to_dwarfpine_36,loss_to_dwarfpine,1,7,733230.5,4051172.75,2385.5,896,486,2394.781760901812,2436.9640907793864,crops/loss_to_dwarfpine_36.png,crops_native/loss_to_dwarfpine_36_native.png
B063,control_stable_sasa_01,control_stable_sasa,1,1,733479.5,4051132.75,2496.169921875,936,735,2574.8437956094003,1678.6950350408824,crops/control_stable_sasa_01.png,crops_native/control_stable_sasa_01_native.png
B064,gain_dwarfpine_to_sasa_08,gain_dwarfpine_to_sasa,7,1,733509.5,4051095.75,2516.030029296875,973,765,2745.455041864123,1589.2174977980205,crops/gain_dwarfpine_to_sasa_08.png,crops_native/gain_dwarfpine_to_sasa_08_native.png
B065,control_stable_dwarfpine_11,control_stable_dwarfpine,7,7,733474.5,4051565.75,2442.639892578125,503,730,270.0778466884117,1967.7889138637452,crops/control_stable_dwarfpine_11.png,crops_native/control_stable_dwarfpine_11_native.png
B066,control_stable_sasa_03,control_stable_sasa,1,1,732816.5,4051118.75,2442.8701171875,950,72,4929.517497565322,2570.2478367654767,crops/control_stable_sasa_03.png,crops_native/control_stable_sasa_03_native.png
B067,loss_to_dwarfpine_10,loss_to_dwarfpine,1,7,733263.5,4051249.75,2412.530029296875,819,519,1826.3508298711013,2213.580500531109,crops/loss_to_dwarfpine_10.png,crops_native/loss_to_dwarfpine_10_native.png
B068,loss_to_otherveg_10,loss_to_otherveg,1,2,733640.5,4051332.75,2541.110107421875,736,896,1678.0253255042949,1519.560309145045,crops/loss_to_otherveg_10.png,crops_native/loss_to_otherveg_10_native.png
B069,loss_to_otherveg_15,loss_to_otherveg,1,2,733108.5,4050935.75,2457.570068359375,1133,364,4625.898843757616,1880.2883662069196,crops/loss_to_otherveg_15.png,crops_native/loss_to_otherveg_15_native.png
B070,loss_to_otherveg_20,loss_to_otherveg,1,2,733517.5,4051445.75,2488.52001953125,623,773,1005.5661270298533,1727.2510749795895,crops/loss_to_otherveg_20.png,crops_native/loss_to_otherveg_20_native.png
B071,loss_to_dwarfpine_17,loss_to_dwarfpine,1,7,733380.5,4050993.75,2484.989990234375,1075,636,3403.599872898822,1717.332498623277,crops/loss_to_dwarfpine_17.png,crops_native/loss_to_dwarfpine_17_native.png
B072,loss_to_otherveg_27,loss_to_otherveg,1,2,733165.5,4051302.75,2389.050048828125,766,421,1232.2391347084103,2510.0348491246896,crops/loss_to_otherveg_27.png,crops_native/loss_to_otherveg_27_native.png
B073,loss_to_dwarfpine_33,loss_to_dwarfpine,1,7,733075.5,4051116.75,2405.280029296875,952,331,3036.187120434858,2458.6605482581776,crops/loss_to_dwarfpine_33.png,crops_native/loss_to_dwarfpine_33_native.png
B074,control_stable_sasa_13,control_stable_sasa,1,1,733510.5,4051083.75,2517.820068359375,985,766,2802.847880945894,1581.1827076008672,crops/control_stable_sasa_13.png,crops_native/control_stable_sasa_13_native.png
B075,loss_to_otherveg_12,loss_to_otherveg,1,2,733523.5,4051100.75,2522.679931640625,968,779,2714.265804904542,1562.0194378682645,crops/loss_to_otherveg_12.png,crops_native/loss_to_otherveg_12_native.png
B076,loss_to_dwarfpine_31,loss_to_dwarfpine,1,7,733499.5,4051009.75,2530.590087890625,1059,755,3165.8636640578925,1517.5189488509473,crops/loss_to_dwarfpine_31.png,crops_native/loss_to_dwarfpine_31_native.png
B077,loss_to_dwarfpine_24,loss_to_dwarfpine,1,7,733470.5,4051304.75,2490.489990234375,764,726,1674.9808413135706,1706.0820391457532,crops/loss_to_dwarfpine_24.png,crops_native/loss_to_dwarfpine_24_native.png
B078,loss_to_maple_01,loss_to_maple,1,5,733498.5,4051095.75,2511.97998046875,973,754,2751.4099441808803,1605.3382266896378,crops/loss_to_maple_01.png,crops_native/loss_to_maple_01_native.png
B079,loss_to_dwarfpine_07,loss_to_dwarfpine,1,7,733480.5,4051164.75,2493.510009765625,904,736,2411.049183800072,1692.353577004418,crops/loss_to_dwarfpine_07.png,crops_native/loss_to_dwarfpine_07_native.png
B080,loss_to_dwarfpine_09,loss_to_dwarfpine,1,7,733656.5,4051262.75,2561.070068359375,806,912,1985.3889324687354,1442.7670786249555,crops/loss_to_dwarfpine_09.png,crops_native/loss_to_dwarfpine_09_native.png
B081,loss_to_otherveg_08,loss_to_otherveg,1,2,733069.5,4050918.75,2464.030029296875,1150,325,5020.592119422455,1819.3301785968206,crops/loss_to_otherveg_08.png,crops_native/loss_to_otherveg_08_native.png
B082,loss_to_otherveg_02,loss_to_otherveg,1,2,733079.5,4051086.75,2417.31005859375,982,335,3342.7045082977593,2314.9938545946097,crops/loss_to_otherveg_02.png,crops_native/loss_to_otherveg_02_native.png
B083,loss_to_dwarfpine_30,loss_to_dwarfpine,1,7,733468.5,4051054.75,2504.18994140625,1014,724,2976.385407363723,1635.8787809098694,crops/loss_to_dwarfpine_30.png,crops_native/loss_to_dwarfpine_30_native.png
B084,loss_to_dwarfpine_18,loss_to_dwarfpine,1,7,733364.5,4050907.75,2490.219970703125,1161,620,3902.273402485567,1685.5611923653585,crops/loss_to_dwarfpine_18.png,crops_native/loss_to_dwarfpine_18_native.png
B085,control_stable_dwarfpine_04,control_stable_dwarfpine,7,7,733606.5,4051190.75,2568.389892578125,878,862,2284.645856616152,1388.167384415236,crops/control_stable_dwarfpine_04.png,crops_native/control_stable_dwarfpine_04_native.png
B086,control_stable_sasa_04,control_stable_sasa,1,1,733513.5,4051093.75,2517.72998046875,975,769,2752.96531826659,1582.4188507310591,crops/control_stable_sasa_04.png,crops_native/control_stable_sasa_04_native.png
B087,loss_to_dwarfpine_32,loss_to_dwarfpine,1,7,733244.5,4051274.75,2409.010009765625,794,500,1616.478261214369,2255.2626911947887,crops/loss_to_dwarfpine_32.png,crops_native/loss_to_dwarfpine_32_native.png
B088,loss_to_otherveg_01,loss_to_otherveg,1,2,733255.5,4051275.75,2413.340087890625,793,511,1623.7264208843987,2214.825054875865,crops/loss_to_otherveg_01.png,crops_native/loss_to_otherveg_01_native.png
B089,control_stable_sasa_02,control_stable_sasa,1,1,733415.5,4051167.75,2467.090087890625,901,671,2402.3035785011953,1824.3136294031156,crops/control_stable_sasa_02.png,crops_native/control_stable_sasa_02_native.png
B090,control_stable_sasa_14,control_stable_sasa,1,1,733298.5,4051123.75,2411.27001953125,945,554,2715.1884642317364,2189.8719059598525,crops/control_stable_sasa_14.png,crops_native/control_stable_sasa_14_native.png
B091,loss_to_dwarfpine_20,loss_to_dwarfpine,1,7,733414.5,4051337.75,2453.81005859375,731,670,1431.2174056924628,1903.6554692483346,crops/loss_to_dwarfpine_20.png,crops_native/loss_to_dwarfpine_20_native.png
B092,loss_to_dwarfpine_22,loss_to_dwarfpine,1,7,733067.5,4051031.75,2434.8798828125,1037,323,3949.19439746074,2127.3437920054935,crops/loss_to_dwarfpine_22.png,crops_native/loss_to_dwarfpine_22_native.png
B093,gain_dwarfpine_to_sasa_06,gain_dwarfpine_to_sasa,7,1,733230.5,4051283.75,2407.719970703125,785,486,1525.2876920001722,2277.129821477031,crops/gain_dwarfpine_to_sasa_06.png,crops_native/gain_dwarfpine_to_sasa_06_native.png
B094,loss_to_dwarfpine_19,loss_to_dwarfpine,1,7,733313.5,4051339.75,2419.7099609375,729,569,1261.0254534851238,2140.5280861035144,crops/loss_to_dwarfpine_19.png,crops_native/loss_to_dwarfpine_19_native.png
B095,loss_to_otherveg_03,loss_to_otherveg,1,2,733195.5,4051280.75,2392.070068359375,788,451,1491.3266102142393,2439.945504245894,crops/loss_to_otherveg_03.png,crops_native/loss_to_otherveg_03_native.png
B096,control_stable_dwarfpine_15,control_stable_dwarfpine,7,7,733476.5,4050613.75,2577.889892578125,1455,732,4964.463537128338,1311.9829557196995,crops/control_stable_dwarfpine_15.png,crops_native/control_stable_dwarfpine_15_native.png
B097,loss_to_dwarfpine_23,loss_to_dwarfpine,1,7,733106.5,4050963.75,2446.669921875,1105,362,4397.006326917851,1983.1154241026106,crops/loss_to_dwarfpine_23.png,crops_native/loss_to_dwarfpine_23_native.png
B098,control_stable_dwarfpine_19,control_stable_dwarfpine,7,7,733571.5,4051516.75,2497.360107421875,552,827,753.525059298735,1695.823949435476,crops/control_stable_dwarfpine_19.png,crops_native/control_stable_dwarfpine_19_native.png
B099,control_stable_sasa_08,control_stable_sasa,1,1,733105.5,4051074.75,2418.3701171875,994,361,3390.2005073888245,2271.864739636768,crops/control_stable_sasa_08.png,crops_native/control_stable_sasa_08_native.png
B100,control_stable_dwarfpine_05,control_stable_dwarfpine,7,7,733472.5,4051020.75,2513.47998046875,1048,728,3141.7156519364976,1591.0118303061995,crops/control_stable_dwarfpine_05.png,crops_native/control_stable_dwarfpine_05_native.png
B101,loss_to_otherveg_28,loss_to_otherveg,1,2,733484.5,4051008.75,2521.679931640625,1060,740,3187.093775321737,1555.0198638884538,crops/loss_to_otherveg_28.png,crops_native/loss_to_otherveg_28_native.png
B102,control_stable_dwarfpine_17,control_stable_dwarfpine,7,7,733603.5,4051465.75,2518.47998046875,603,859,1046.9189861688506,1606.1826549394389,crops/control_stable_dwarfpine_17.png,crops_native/control_stable_dwarfpine_17_native.png
B103,loss_to_otherveg_05,loss_to_otherveg,1,2,733453.5,4051444.75,2461.47998046875,624,709,891.7784084706318,1862.5817862137949,crops/loss_to_otherveg_05.png,crops_native/loss_to_otherveg_05_native.png
B104,loss_to_otherveg_30,loss_to_otherveg,1,2,732960.5,4051109.75,2421.4599609375,959,216,3488.0949434818813,2479.8392841143304,crops/loss_to_otherveg_30.png,crops_native/loss_to_otherveg_30_native.png
B105,control_stable_sasa_06,control_stable_sasa,1,1,733285.5,4051106.75,2409.949951171875,962,541,2839.6546421464955,2204.5600544318595,crops/control_stable_sasa_06.png,crops_native/control_stable_sasa_06_native.png
B106,loss_to_rowan_05,loss_to_rowan,1,4,733430.5,4051185.75,2466.8701171875,883,686,2301.5434172451187,1826.7511232306026,crops/loss_to_rowan_05.png,crops_native/loss_to_rowan_05_native.png
B107,loss_to_alder_04,loss_to_alder,1,6,733491.5,4051007.75,2526.1201171875,1061,747,3184.1083307640183,1536.0222007332886,crops/loss_to_alder_04.png,crops_native/loss_to_alder_04_native.png
B108,loss_to_otherveg_26,loss_to_otherveg,1,2,733138.5,4051261.75,2366.530029296875,807,394,1561.298131163027,2762.1136399472953,crops/loss_to_otherveg_26.png,crops_native/loss_to_otherveg_26_native.png
B109,loss_to_dwarfpine_27,loss_to_dwarfpine,1,7,733069.5,4051043.75,2433.909912109375,1025,325,3818.822029635884,2138.072077096247,crops/loss_to_dwarfpine_27.png,crops_native/loss_to_dwarfpine_27_native.png
B110,loss_to_dwarfpine_04,loss_to_dwarfpine,1,7,733438.5,4050905.75,2522.60009765625,1163,694,3756.069159479185,1536.3724184489554,crops/loss_to_dwarfpine_04.png,crops_native/loss_to_dwarfpine_04_native.png
B111,control_stable_dwarfpine_20,control_stable_dwarfpine,7,7,733532.5,4051443.75,2499.9599609375,625,788,1040.5765762189847,1673.5898269287422,crops/control_stable_dwarfpine_20.png,crops_native/control_stable_dwarfpine_20_native.png
B112,control_stable_dwarfpine_03,control_stable_dwarfpine,7,7,733430.5,4051156.75,2476.530029296875,912,686,2461.004937514016,1773.1755586566994,crops/control_stable_dwarfpine_03.png,crops_native/control_stable_dwarfpine_03_native.png
B113,loss_to_otherveg_04,loss_to_otherveg,1,2,733213.5,4051164.75,2387.030029296875,904,469,2460.5688962898043,2443.59774307999,crops/loss_to_otherveg_04.png,crops_native/loss_to_otherveg_04_native.png
B114,gain_dwarfpine_to_sasa_01,gain_dwarfpine_to_sasa,7,1,733206.5,4050978.75,2441.090087890625,1090,462,3884.5334880295454,2002.295767020698,crops/gain_dwarfpine_to_sasa_01.png,crops_native/gain_dwarfpine_to_sasa_01_native.png
B115,loss_to_dwarfpine_37,loss_to_dwarfpine,1,7,733421.5,4051266.75,2467.659912109375,802,677,1844.3134121708008,1823.1832565211414,crops/loss_to_dwarfpine_37.png,crops_native/loss_to_dwarfpine_37_native.png
B116,control_stable_dwarfpine_02,control_stable_dwarfpine,7,7,733253.5,4051144.75,2406.219970703125,924,509,2595.74029800997,2256.686099157039,crops/control_stable_dwarfpine_02.png,crops_native/control_stable_dwarfpine_02_native.png
B117,gain_dwarfpine_to_sasa_03,gain_dwarfpine_to_sasa,7,1,733394.5,4051180.75,2456.75,888,650,2329.288198768279,1883.3201814836807,crops/gain_dwarfpine_to_sasa_03.png,crops_native/gain_dwarfpine_to_sasa_03_native.png
B118,loss_to_alder_01,loss_to_alder,1,6,733270.5,4051059.75,2412.739990234375,1009,526,3175.9840096508015,2188.757778119279,crops/loss_to_alder_01.png,crops_native/loss_to_alder_01_native.png
B119,control_stable_dwarfpine_08,control_stable_dwarfpine,7,7,733619.5,4051167.75,2578.330078125,901,875,2384.979352459808,1353.2016899959217,crops/control_stable_dwarfpine_08.png,crops_native/control_stable_dwarfpine_08_native.png
B120,loss_to_rowan_03,loss_to_rowan,1,4,733365.5,4051288.75,2444.929931640625,780,621,1665.459922419881,1959.8677381385944,crops/loss_to_rowan_03.png,crops_native/loss_to_rowan_03_native.png
B121,loss_to_dwarfpine_05,loss_to_dwarfpine,1,7,733342.5,4051159.75,2423.22998046875,909,598,2462.682505751103,2094.834515973447,crops/loss_to_dwarfpine_05.png,crops_native/loss_to_dwarfpine_05_native.png
B122,control_stable_dwarfpine_18,control_stable_dwarfpine,7,7,733524.5,4051341.75,2514.18994140625,727,780,1536.5913919914942,1600.5523581051666,crops/control_stable_dwarfpine_18.png,crops_native/control_stable_dwarfpine_18_native.png
B123,gain_dwarfpine_to_sasa_04,gain_dwarfpine_to_sasa,7,1,733242.5,4051233.75,2395.72998046875,835,498,1929.582746893889,2354.148645299708,crops/gain_dwarfpine_to_sasa_04.png,crops_native/gain_dwarfpine_to_sasa_04_native.png
B124,control_stable_sasa_09,control_stable_sasa,1,1,733203.5,4051295.75,2399.760009765625,773,459,1379.1816208564555,2367.996264157431,crops/control_stable_sasa_09.png,crops_native/control_stable_sasa_09_native.png
B125,control_stable_sasa_07,control_stable_sasa,1,1,733088.5,4051074.75,2421.3798828125,994,344,3438.6458420266845,2259.1358088281686,crops/control_stable_sasa_07.png,crops_native/control_stable_sasa_07_native.png
B126,loss_to_dwarfpine_14,loss_to_dwarfpine,1,7,733090.5,4051075.75,2420.949951171875,993,346,3422.7648907026814,2261.6880534385423,crops/loss_to_dwarfpine_14.png,crops_native/loss_to_dwarfpine_14_native.png
B127,loss_to_otherveg_23,loss_to_otherveg,1,2,733181.5,4050962.75,2445.4599609375,1106,437,4084.6525260201433,1973.5481784467559,crops/loss_to_otherveg_23.png,crops_native/loss_to_otherveg_23_native.png
B128,loss_to_otherveg_22,loss_to_otherveg,1,2,733182.5,4051295.75,2391.110107421875,773,438,1335.5032333675258,2466.7152776593284,crops/loss_to_otherveg_22.png,crops_native/loss_to_otherveg_22_native.png
B129,loss_to_dwarfpine_15,loss_to_dwarfpine,1,7,733487.5,4051042.75,2518.929931640625,1026,743,3018.8964813938755,1568.4808175640399,crops/loss_to_dwarfpine_15.png,crops_native/loss_to_dwarfpine_15_native.png
