sample_id,stratum,cls2012,cls2021,x,y,z,dist,u,v,row,col,m_per_px_horiz,m2_per_px,imgcls2012_centre,imgcls2021_centre,imgfrac_sasa_2012,imgfrac_sasa_2021,imgfrac_pine_2012,imgfrac_pine_2021,gcc_2012,gcc_2021,texture_2012,texture_2021,align_dx_px,align_dy_px,align_shift_px,figure,native_crop
loss_to_dwarfpine_01,loss_to_dwarfpine,1,7,733292.5,4051032.75,2438.010009765625,577.2899015577544,3317.8999734107197,2005.9742300826915,1036,548,0.15047805547222912,nan,7,7,0.06714022266238645,0.0733556451062086,0.5727750836691483,0.5466839696742026,0.38872256875038147,0.3882240951061249,0.13522736728191376,0.11549323052167892,0.0,-1.0,1.0,crops/loss_to_dwarfpine_01.png,crops_native/loss_to_dwarfpine_01_native.png
loss_to_dwarfpine_02,loss_to_dwarfpine,1,7,733240.5,4051220.75,2388.840087890625,512.2445230085493,2028.328437478761,2406.946604630993,848,496,0.1335231389647208,nan,6,2,0.04842565398538351,0.040024588484393143,0.035243494296837645,0.07800013660269108,0.4008381962776184,0.3934071958065033,0.24549444019794464,0.16562184691429138,-1.0,0.0,1.0,crops/loss_to_dwarfpine_02.png,crops_native/loss_to_dwarfpine_02_native.png
loss_to_dwarfpine_03,loss_to_dwarfpine,1,7,733276.5,4051191.75,2403.52001953125,544.7331680729466,2253.616757971754,2264.273834252796,877,532,0.14199172315617462,0.1875,2,2,0.09008947476265282,0.047401133802335904,0.2261457550713749,0.1932245065227785,0.3967243432998657,0.39615756273269653,0.07190146297216415,0.07810740917921066,-1.0,0.0,1.0,crops/loss_to_dwarfpine_03.png,crops_native/loss_to_dwarfpine_03_native.png
loss_to_dwarfpine_04,loss_to_dwarfpine,1,7,733438.5,4050905.75,2522.60009765625,757.9874235481434,3756.069159479185,1536.3724184489554,1163,694,0.19757919419714373,0.1875,7,7,0.01584591216446964,0.025749607267263164,0.11570247933884298,0.10552557885390342,0.3822949230670929,0.3906787931919098,0.2901184856891632,0.264539510011673,0.0,0.0,0.0,crops/loss_to_dwarfpine_04.png,crops_native/loss_to_dwarfpine_04_native.png
loss_to_dwarfpine_05,loss_to_dwarfpine,1,7,733342.5,4051159.75,2423.22998046875,609.1525327030979,2462.682505751103,2094.834515973447,909,598,0.15878346106488264,0.375,1,1,0.12546957175056347,0.1363294856908681,0.19588825899870227,0.2386449013045557,0.40072691440582275,0.39552828669548035,0.10646173357963562,0.07538611441850662,-1.0,0.0,1.0,crops/loss_to_dwarfpine_05.png,crops_native/loss_to_dwarfpine_05_native.png
loss_to_dwarfpine_06,loss_to_dwarfpine,1,7,733423.5,4051164.75,2471.18994140625,689.0038895313944,2418.05391195517,1801.9711483411888,904,679,0.17959774669488865,nan,7,7,0.10661840038248753,0.10197390888600505,0.2647360152995014,0.23140495867768596,0.3864562213420868,0.3856336772441864,0.27077165246009827,0.19609472155570984,0.0,0.0,0.0,crops/loss_to_dwarfpine_06.png,crops_native/loss_to_dwarfpine_06_native.png
loss_to_dwarfpine_07,loss_to_dwarfpine,1,7,733480.5,4051164.75,2493.510009765625,746.6677837226692,2411.049183800072,1692.353577004418,904,736,0.19462858413972364,0.25,1,1,0.042278532887097875,0.040024588484393143,0.042551738269243904,0.01700703503859026,0.38846421241760254,0.3868330121040344,0.15690642595291138,0.15954354405403137,-1.0,1.0,1.4142135623730951,crops/loss_to_dwarfpine_07.png,crops_native/loss_to_dwarfpine_07_native.png
loss_to_dwarfpine_08,loss_to_dwarfpine,1,7,733404.5,4051196.75,2460.1298828125,669.9356488699021,2237.321952133851,1864.0779936689764,872,660,0.1746273639317826,0.0625,1,1,0.35912847483095417,0.371491018373062,0.09070418687248138,0.08148350522505293,0.3978064954280853,0.38932114839553833,0.05073320120573044,0.07173553854227066,-1.0,0.0,1.0,crops/loss_to_dwarfpine_08.png,crops_native/loss_to_dwarfpine_08_native.png
loss_to_dwarfpine_09,loss_to_dwarfpine,1,7,733656.5,4051262.75,2561.070068359375,930.9826869299462,1985.3889324687354,1442.7670786249555,806,912,0.24267263991541335,1.4375,7,7,0.0004781094187555495,0.0,0.15306331534731235,0.14657468752134417,0.3735034167766571,0.37314435839653015,0.16396431624889374,0.12714865803718567,0.0,0.0,0.0,crops/loss_to_dwarfpine_09.png,crops_native/loss_to_dwarfpine_09_native.png
loss_to_dwarfpine_10,loss_to_dwarfpine,1,7,733263.5,4051249.75,2412.530029296875,535.3464172737133,1826.3508298711013,2213.580500531109,819,519,0.13954494554295196,0.125,7,7,0.009698791066184004,0.009903695102793524,0.5623932791475992,0.4792022402841336,0.38376227021217346,0.39440950751304626,0.15019313991069794,0.1272161304950714,-1.0,-1.0,1.4142135623730951,crops/loss_to_dwarfpine_10.png,crops_native/loss_to_dwarfpine_10_native.png
loss_to_dwarfpine_11,loss_to_dwarfpine,1,7,733489.5,4051015.75,2524.409912109375,775.1646659499039,3147.847852321125,1543.2397314289983,1053,745,0.20205666388441393,0.125,1,2,0.033809166040571,0.02096851307970767,0.569633221774469,0.5917628577282973,0.38219645619392395,0.3773208260536194,0.08051583915948868,0.08099871128797531,0.0,0.0,0.0,crops/loss_to_dwarfpine_11.png,crops_native/loss_to_dwarfpine_11_native.png
loss_to_dwarfpine_12,loss_to_dwarfpine,1,7,733397.5,4050865.75,2509.090087890625,735.2223879567513,4042.1706156526398,1593.1331523467056,1203,653,0.19164519417513562,nan,2,2,0.02568130592172666,0.03435557680486306,0.1004712792842019,0.10709650980124308,0.371507853269577,0.38851508498191833,0.042741671204566956,0.0423470214009285,-1.0,0.0,1.0,crops/loss_to_dwarfpine_12.png,crops_native/loss_to_dwarfpine_12_native.png
loss_to_dwarfpine_13,loss_to_dwarfpine,1,7,733429.5,4050902.75,2518.169921875,750.3829541912514,3788.298668616376,1555.6575894551297,1166,685,0.1955969912196874,nan,2,2,0.014957994672495048,0.027662044942285365,0.11187760398879858,0.11092138515128748,0.3771634101867676,0.38664913177490234,0.10229682922363281,0.10724521428346634,0.0,0.0,0.0,crops/loss_to_dwarfpine_13.png,crops_native/loss_to_dwarfpine_13_native.png
loss_to_dwarfpine_14,loss_to_dwarfpine,1,7,733090.5,4051075.75,2420.949951171875,372.74088752850815,3422.7648907026814,2261.6880534385423,993,346,0.09715971784528325,0.125,2,2,0.0318967283655488,0.07287753568745305,0.17218769209753432,0.14370603100881088,0.3756251335144043,0.38693198561668396,0.057305917143821716,0.06583236157894135,0.0,0.0,0.0,crops/loss_to_dwarfpine_14.png,crops_native/loss_to_dwarfpine_14_native.png
loss_to_dwarfpine_15,loss_to_dwarfpine,1,7,733487.5,4051042.75,2518.929931640625,767.4844465696655,3018.8964813938755,1568.4808175640399,1026,743,0.20005471568677552,0.3125,7,7,0.030667304145891673,0.023017553445802884,0.5195683354962093,0.5067959838808824,0.36987677216529846,0.38054296374320984,0.2388869822025299,0.20121821761131287,-1.0,1.0,1.4142135623730951,crops/loss_to_dwarfpine_15.png,crops_native/loss_to_dwarfpine_15_native.png
loss_to_dwarfpine_16,loss_to_dwarfpine,1,7,733322.5,4051328.75,2426.280029296875,607.1212961565024,1350.6940784421256,2092.093890002106,740,578,0.15825399307157278,0.125,5,4,0.06229082712929445,0.0260911139949457,0.16645037907246774,0.14520866061061402,0.3961590528488159,0.39633673429489136,0.18928262591362,0.12518401443958282,-1.0,0.0,1.0,crops/loss_to_dwarfpine_16.png,crops_native/loss_to_dwarfpine_16_native.png
loss_to_dwarfpine_17,loss_to_dwarfpine,1,7,733380.5,4050993.75,2484.989990234375,672.59372746804,3403.599872898822,1717.332498623277,1075,636,0.1753202263873025,0.1875,2,2,0.04159551943173281,0.06898435899187214,0.1583225189536234,0.159483641827744,0.38585102558135986,0.38679301738739014,0.06729281693696976,0.06593477725982666,-1.0,0.0,1.0,crops/loss_to_dwarfpine_17.png,crops_native/loss_to_dwarfpine_17_native.png
loss_to_dwarfpine_18,loss_to_dwarfpine,1,7,733364.5,4050907.75,2490.219970703125,686.8289930145392,3902.273402485567,1685.5611923653585,1161,620,0.1790308318782141,nan,5,2,0.008605969537599891,0.0014343282562666484,0.19534184823441023,0.18297930469230245,0.3889797329902649,0.39841219782829285,0.17138028144836426,0.1903100311756134,-1.0,0.0,1.0,crops/loss_to_dwarfpine_18.png,crops_native/loss_to_dwarfpine_18_native.png
loss_to_dwarfpine_19,loss_to_dwarfpine,1,7,733313.5,4051339.75,2419.7099609375,601.6364145955108,1261.0254534851238,2140.5280861035144,729,569,0.15682428797961404,nan,7,5,0.05354825490062154,0.02568130592172666,0.24820708967966668,0.23809849054026364,0.3958545923233032,0.39334577322006226,0.12509146332740784,0.15275970101356506,0.0,0.0,0.0,crops/loss_to_dwarfpine_19.png,crops_native/loss_to_dwarfpine_19_native.png
loss_to_dwarfpine_20,loss_to_dwarfpine,1,7,733414.5,4051337.75,2453.81005859375,697.7743816265663,1431.2174056924628,1903.6554692483346,731,670,0.18188388853186654,nan,2,2,0.015436104091250598,0.010586708558158596,0.06256403251144048,0.08182501195273546,0.38333699107170105,0.377856582403183,0.30827295780181885,0.19251391291618347,0.0,0.0,0.0,crops/loss_to_dwarfpine_20.png,crops_native/loss_to_dwarfpine_20_native.png
loss_to_dwarfpine_21,loss_to_dwarfpine,1,7,733251.5,4051247.75,2405.429931640625,523.9205676505878,1830.3248190467511,2274.5990836750943,821,507,0.13656665053247877,0.0625,4,4,0.007854654736698313,0.006215422443822143,0.3011406324704597,0.290280718530155,0.40978944301605225,0.39182090759277344,0.1572718471288681,0.15282654762268066,-1.0,-1.0,1.4142135623730951,crops/loss_to_dwarfpine_21.png,crops_native/loss_to_dwarfpine_21_native.png
loss_to_dwarfpine_22,loss_to_dwarfpine,1,7,733067.5,4051031.75,2434.8798828125,365.17081501098176,3949.19439746074,2127.3437920054935,1037,323,0.0951864808474641,0.125,2,2,0.02397377228331398,0.032443139129840856,0.10340823714227171,0.049040366095212076,0.3875175714492798,0.39476278424263,0.0736493393778801,0.07111439853906631,-1.0,0.0,1.0,crops/loss_to_dwarfpine_22.png,crops_native/loss_to_dwarfpine_22_native.png
loss_to_dwarfpine_23,loss_to_dwarfpine,1,7,733106.5,4050963.75,2446.669921875,430.34393428102624,4397.006326917851,1983.1154241026106,1105,362,0.11217469462073901,0.0625,2,2,0.07035038590260229,0.08243972406256403,0.004712792842018988,0.0025954511303872686,0.4028099477291107,0.39616841077804565,0.07804367691278458,0.0720330998301506,-1.0,0.0,1.0,crops/loss_to_dwarfpine_23.png,crops_native/loss_to_dwarfpine_23_native.png
loss_to_dwarfpine_24,loss_to_dwarfpine,1,7,733470.5,4051304.75,2490.489990234375,746.8445512204837,1674.9808413135706,1706.0820391457532,764,726,0.19467466086697982,0.125,2,2,0.001980739020558705,0.0015026296018031556,0.34137012499146235,0.342531247865583,0.38769808411598206,0.38159605860710144,0.13100646436214447,0.10416713356971741,0.0,1.0,1.0,crops/loss_to_dwarfpine_24.png,crops_native/loss_to_dwarfpine_24_native.png
loss_to_dwarfpine_25,loss_to_dwarfpine,1,7,732942.5,4051028.75,2444.669921875,257.5003090541201,4860.665851580855,2111.989229750295,1040,198,0.06712077534251741,nan,1,2,0.25551533365207296,0.13940304624001093,0.029984290690526605,0.004029779386653917,0.37893494963645935,0.39098596572875977,0.23680134117603302,0.20396961271762848,-1.0,0.0,1.0,crops/loss_to_dwarfpine_25.png,crops_native/loss_to_dwarfpine_25_native.png
loss_to_dwarfpine_26,loss_to_dwarfpine,1,7,733292.5,4051364.75,2410.719970703125,589.4902898158605,1043.8842562892062,2215.528270657444,704,548,0.15365824396354355,nan,5,4,0.006625230517041186,0.0012294242196571274,0.32156273478587527,0.24622635065910797,0.3961046636104584,0.39570993185043335,0.16103874146938324,0.1508171409368515,-1.0,0.0,1.0,crops/loss_to_dwarfpine_26.png,crops_native/loss_to_dwarfpine_26_native.png
loss_to_dwarfpine_27,loss_to_dwarfpine,1,7,733069.5,4051043.75,2433.909912109375,362.37351160835334,3818.822029635884,2138.072077096247,1025,325,0.094457327651717,0.0625,7,7,0.11604398606652551,0.14350112697220135,0.5558363499760945,0.5117819821050474,0.3979702293872833,0.3799441158771515,0.13761864602565765,0.2679600715637207,-1.0,0.0,1.0,crops/loss_to_dwarfpine_27.png,crops_native/loss_to_dwarfpine_27_native.png
loss_to_dwarfpine_28,loss_to_dwarfpine,1,7,733202.5,4050978.75,2439.27001953125,509.6663443406695,3896.9226628045303,2017.420826328859,1090,458,0.1328511034561216,0.125,5,5,0.032784645857523394,0.03790724677276142,0.2880267741274503,0.251212348883273,0.39440077543258667,0.3928426504135132,0.5122031569480896,0.38970687985420227,0.0,0.0,0.0,crops/loss_to_dwarfpine_28.png,crops_native/loss_to_dwarfpine_28_native.png
loss_to_dwarfpine_29,loss_to_dwarfpine,1,7,733324.5,4051316.75,2425.669921875,606.2761241723701,1434.0181995274356,2094.7771924222993,752,580,0.15803368809764437,nan,2,2,0.06393005942217062,0.026979031486920293,0.10839423536643672,0.10129089543063999,0.38400566577911377,0.3778637647628784,0.11371676623821259,0.1120106428861618,-1.0,0.0,1.0,crops/loss_to_dwarfpine_29.png,crops_native/loss_to_dwarfpine_29_native.png
loss_to_dwarfpine_30,loss_to_dwarfpine,1,7,733468.5,4051054.75,2504.18994140625,745.7203265402011,2976.385407363723,1635.8787809098694,1014,724,0.19438161721015101,nan,7,1,0.05546069257564374,0.02397377228331398,0.24608974796803498,0.22764838467317805,0.37955552339553833,0.3821243643760681,0.1014540046453476,0.0908370092511177,-1.0,0.0,1.0,crops/loss_to_dwarfpine_30.png,crops_native/loss_to_dwarfpine_30_native.png
loss_to_dwarfpine_31,loss_to_dwarfpine,1,7,733499.5,4051009.75,2530.590087890625,786.7180593181719,3165.8636640578925,1517.5189488509473,1059,755,0.20506820481639884,0.1875,7,7,0.039819684447783624,0.028959770507479,0.3002527149784851,0.3228604603510689,0.3844073414802551,0.3834857940673828,0.23658247292041779,0.21266882121562958,0.0,0.0,0.0,crops/loss_to_dwarfpine_31.png,crops_native/loss_to_dwarfpine_31_native.png
loss_to_dwarfpine_32,loss_to_dwarfpine,1,7,733244.5,4051274.75,2409.010009765625,520.8747110653455,1616.478261214369,2255.2626911947887,794,500,0.13577270874524539,nan,2,2,0.03797554811829793,0.03797554811829793,0.15436104091250596,0.1277235161532682,0.386641263961792,0.39290478825569153,0.07914964109659195,0.07280638813972473,-1.0,0.0,1.0,crops/loss_to_dwarfpine_32.png,crops_native/loss_to_dwarfpine_32_native.png
loss_to_dwarfpine_33,loss_to_dwarfpine,1,7,733075.5,4051116.75,2405.280029296875,350.79557006238747,3036.187120434858,2458.6605482581776,952,331,0.0914393879207311,nan,2,2,0.13475855474352844,0.12546957175056347,0.3253193087903832,0.22662386449013044,0.36148199439048767,0.37836411595344543,0.4308920204639435,0.42413562536239624,0.0,0.0,0.0,crops/loss_to_dwarfpine_33.png,crops_native/loss_to_dwarfpine_33_native.png
loss_to_dwarfpine_34,loss_to_dwarfpine,1,7,733423.5,4051473.75,2447.6298828125,748.7749701047078,659.0889764988599,1942.6649661523284,595,679,0.1951778494368146,0.125,7,7,0.002253944402704733,0.004712792842018988,0.6159415340482207,0.6028959770507479,0.3817268908023834,0.37882059812545776,0.0973065197467804,0.06584213674068451,1.0,0.0,1.0,crops/loss_to_dwarfpine_34.png,crops_native/loss_to_dwarfpine_34_native.png
loss_to_dwarfpine_35,loss_to_dwarfpine,1,7,733588.5,4051198.75,2554.929931640625,859.2533098736805,2247.6381733490957,1438.1740963825414,870,844,0.22397545302450192,0.125,7,7,0.008332764155453863,0.013250461034082372,0.42777132709514376,0.42913735400587394,0.38392138481140137,0.3798905313014984,0.10613252222537994,0.10820045322179794,0.0,0.0,0.0,crops/loss_to_dwarfpine_35.png,crops_native/loss_to_dwarfpine_35_native.png
loss_to_dwarfpine_36,loss_to_dwarfpine,1,7,733230.5,4051172.75,2385.5,501.2718705614929,2394.781760901812,2436.9640907793864,896,486,0.13066297564097268,0.1875,2,2,0.08995287207157981,0.07663410969196092,0.06918926302848166,0.1303189672836555,0.3983825147151947,0.395250529050827,0.1718292385339737,0.09967156499624252,-1.0,0.0,1.0,crops/loss_to_dwarfpine_36.png,crops_native/loss_to_dwarfpine_36_native.png
loss_to_dwarfpine_37,loss_to_dwarfpine,1,7,733421.5,4051266.75,2467.659912109375,692.2124764499226,1844.3134121708008,1823.1832565211414,802,677,0.1804341062414716,0.125,2,6,0.051567515880062836,0.049586776859504134,0.20285499624342598,0.20435762584522915,0.382092148065567,0.3809507489204407,0.15053920447826385,0.1562052220106125,0.0,0.0,0.0,crops/loss_to_dwarfpine_37.png,crops_native/loss_to_dwarfpine_37_native.png
loss_to_otherveg_01,loss_to_otherveg,1,2,733255.5,4051275.75,2413.340087890625,531.4297255051346,1623.7264208843987,2214.825054875865,793,511,0.1385240093380583,0.0625,7,1,0.04330305307014548,0.04125401270405027,0.2736151902192473,0.22655556314459394,0.3938840627670288,0.38974520564079285,0.12629856169223785,0.09265203028917313,-1.0,0.0,1.0,crops/loss_to_otherveg_01.png,crops_native/loss_to_otherveg_01_native.png
loss_to_otherveg_02,loss_to_otherveg,1,2,733079.5,4051086.75,2417.31005859375,359.64903960242066,3342.7045082977593,2314.9938545946097,982,335,0.09374715889848745,nan,2,2,0.042073628850488355,0.06912096168294515,0.09528037702342736,0.07260433030530701,0.37947723269462585,0.3823537826538086,0.17438854277133942,0.1387694925069809,-1.0,0.0,1.0,crops/loss_to_otherveg_02.png,crops_native/loss_to_otherveg_02_native.png
loss_to_otherveg_03,loss_to_otherveg,1,2,733195.5,4051280.75,2392.070068359375,476.36590418786346,1491.3266102142393,2439.945504245894,788,451,0.12417091440891674,nan,2,2,0.01188443412335223,0.0036882726589713816,0.009015777610818933,0.00034150672768253537,0.40011724829673767,0.3869307041168213,0.05855478346347809,0.09420697391033173,-2.0,0.0,2.0,crops/loss_to_otherveg_03.png,crops_native/loss_to_otherveg_03_native.png
loss_to_otherveg_04,loss_to_otherveg,1,2,733213.5,4051164.75,2387.030029296875,484.42420866967836,2460.5688962898043,2443.59774307999,904,469,0.1262714153626916,0.1875,7,6,0.09008947476265282,0.10033467659312889,0.04822074994877399,0.06809644149989755,0.4182373583316803,0.40004897117614746,0.2951984107494354,0.28103107213974,-3.0,2.0,3.605551275463989,crops/loss_to_otherveg_04.png,crops_native/loss_to_otherveg_04_native.png
loss_to_otherveg_05,loss_to_otherveg,1,2,733453.5,4051444.75,2461.47998046875,765.8766009740151,891.7784084706318,1862.5817862137949,624,709,0.19963561000333951,nan,2,2,0.0,0.00020490403660952122,0.1296359538282904,0.0956218837511099,0.3964499235153198,0.3970395624637604,0.042863693088293076,0.03213519603013992,0.0,0.0,0.0,crops/loss_to_otherveg_05.png,crops_native/loss_to_otherveg_05_native.png
loss_to_otherveg_06,loss_to_otherveg,1,2,733522.5,4051251.75,2518.56005859375,793.1792755858953,1980.4834401225244,1578.7180812398667,817,778,0.2067524041369291,nan,6,6,0.0026637524759237758,0.0006830134553650707,0.09261662454750359,0.07724882180178949,0.38776668906211853,0.38593602180480957,0.282778263092041,0.2010655552148819,0.0,1.0,1.0,crops/loss_to_otherveg_06.png,crops_native/loss_to_otherveg_06_native.png
loss_to_otherveg_07,loss_to_otherveg,1,2,733182.5,4051374.75,2394.360107421875,492.4949820646889,632.521148052826,2447.9400862466296,694,438,0.12837516649944467,0.0625,2,2,0.004029779386653917,0.01420667987159347,0.06270063520251348,0.039546479065637595,0.3670279383659363,0.3693031072616577,0.11803355067968369,0.13654980063438416,0.0,0.0,0.0,crops/loss_to_otherveg_07.png,crops_native/loss_to_otherveg_07_native.png
loss_to_otherveg_08,loss_to_otherveg,1,2,733069.5,4050918.75,2464.030029296875,424.7581365076921,5020.592119422455,1819.3301785968206,1150,325,0.11071868441698467,0.125,2,2,0.06031008810873574,0.0937777474216242,0.009630489720647497,0.0004781094187555495,0.38878852128982544,0.3912734091281891,0.05870451405644417,0.07103194296360016,-1.0,0.0,1.0,crops/loss_to_otherveg_08.png,crops_native/loss_to_otherveg_08_native.png
loss_to_otherveg_09,loss_to_otherveg,1,2,733414.5,4051281.75,2464.760009765625,687.2956592536434,1753.2906741160523,1839.578418944043,787,670,0.17915247444986734,nan,2,6,0.01796325387610136,0.023017553445802884,0.11563417799330647,0.13291441841404275,0.36834338307380676,0.3715992569923401,0.21784256398677826,0.26578155159950256,-1.0,0.0,1.0,crops/loss_to_otherveg_09.png,crops_native/loss_to_otherveg_09_native.png
loss_to_otherveg_10,loss_to_otherveg,1,2,733640.5,4051332.75,2541.110107421875,922.1110802485016,1678.0253255042949,1519.560309145045,736,896,0.2403601412579175,0.0625,2,2,0.0004781094187555495,0.0034150672768253534,0.29383238849805343,0.27313708080049176,0.3800642192363739,0.38323020935058594,0.09020514041185379,0.10915789008140564,0.0,0.0,0.0,crops/loss_to_otherveg_10.png,crops_native/loss_to_otherveg_10_native.png
loss_to_otherveg_11,loss_to_otherveg,1,2,732920.5,4051032.75,2442.469970703125,237.74897599283403,5059.903948490251,2183.769219189217,1036,176,0.06197233573872965,nan,2,2,0.0,0.0006147121098285637,6.830134553650706e-05,0.0,0.3828592002391815,0.3772401213645935,0.12679767608642578,0.08565399795770645,-1.0,1.0,1.4142135623730951,crops/loss_to_otherveg_11.png,crops_native/loss_to_otherveg_11_native.png
loss_to_otherveg_12,loss_to_otherveg,1,2,733523.5,4051100.75,2522.679931640625,795.2392254634116,2714.265804904542,1562.0194378682645,968,779,0.20728935663012613,nan,2,2,0.042141930196024864,0.03326275527627894,0.08735742094119255,0.07690731507410696,0.3891257643699646,0.38547152280807495,0.1079888641834259,0.102446548640728,0.0,0.0,0.0,crops/loss_to_otherveg_12.png,crops_native/loss_to_otherveg_12_native.png
loss_to_otherveg_13,loss_to_otherveg,1,2,733507.5,4051472.75,2479.300048828125,826.4954434604275,848.9749167927519,1772.7953722211946,596,763,0.2154366928175694,nan,7,7,0.0013660269107301415,0.00040980807321904243,0.18038385356191516,0.10156410081278601,0.38423481583595276,0.3855687379837036,0.13896013796329498,0.11743243038654327,0.0,1.0,1.0,crops/loss_to_otherveg_13.png,crops_native/loss_to_otherveg_13_native.png
loss_to_otherveg_14,loss_to_otherveg,1,2,733551.5,4051307.75,2523.360107421875,829.0978830342574,1725.9472733264915,1565.8856770888872,761,807,0.21611505224408487,nan,7,6,0.0006830134553650707,0.004781094187555495,0.47769961068233047,0.4518134007239943,0.37775561213493347,0.38210782408714294,0.14498239755630493,0.1283584088087082,0.0,0.0,0.0,crops/loss_to_otherveg_14.png,crops_native/loss_to_otherveg_14_native.png
loss_to_otherveg_15,loss_to_otherveg,1,2,733108.5,4050935.75,2457.570068359375,446.5780086030771,4625.898843757616,1880.2883662069196,1133,364,0.11640631538836725,0.125,2,2,0.00013660269107301413,0.000956218837511099,0.03619971313434875,0.03196502971108531,0.38950100541114807,0.3911183774471283,0.10409276187419891,0.12461856752634048,-1.0,1.0,1.4142135623730951,crops/loss_to_otherveg_15.png,crops_native/loss_to_otherveg_15_native.png
loss_to_otherveg_16,loss_to_otherveg,1,2,733485.5,4051474.75,2469.580078125,806.5118963852082,794.2400595346066,1821.0449892727884,594,741,0.21022772363726247,0.1875,2,2,0.0017758349839491839,0.0007513148009015778,0.28939280103818044,0.22491633085171778,0.38586583733558655,0.3791469931602478,0.05675029754638672,0.07538118958473206,0.0,1.0,1.0,crops/loss_to_otherveg_16.png,crops_native/loss_to_otherveg_16_native.png
loss_to_otherveg_17,loss_to_otherveg,1,2,733101.5,4051022.75,2435.389892578125,399.82450186126385,3892.4322621839874,2098.448202157141,1046,357,0.1042194110929143,0.0625,2,2,0.03797554811829793,0.04624001092821529,0.2213646608838194,0.20941192541493067,0.3983752429485321,0.3971332609653473,0.09672268480062485,0.10441923886537552,-1.0,0.0,1.0,crops/loss_to_otherveg_17.png,crops_native/loss_to_otherveg_17_native.png
loss_to_otherveg_18,loss_to_otherveg,1,2,733556.5,4050780.75,2577.780029296875,921.3031650878127,4078.9732160903995,1346.4691000009127,1288,812,0.24014954775534808,0.3125,2,2,0.00013660269107301413,0.0,0.10409125059763677,0.0637934567310976,0.3773093521595001,0.3745446503162384,0.13290996849536896,0.12399797886610031,0.0,0.0,0.0,crops/loss_to_otherveg_18.png,crops_native/loss_to_otherveg_18_native.png
loss_to_otherveg_19,loss_to_otherveg,1,2,733198.5,4051297.75,2398.580078125,482.2559025917104,1352.062674269123,2383.526647165514,771,454,0.12570621842887933,nan,2,2,0.044190970562120076,0.056690116795300866,0.059080663889078615,0.04282494365138993,0.38327351212501526,0.3846909999847412,0.09919583052396774,0.09937135130167007,-1.0,0.0,1.0,crops/loss_to_otherveg_19.png,crops_native/loss_to_otherveg_19_native.png
loss_to_otherveg_20,loss_to_otherveg,1,2,733517.5,4051445.75,2488.52001953125,827.0618980633114,1005.5661270298533,1727.2510749795895,623,773,0.21558434651274969,0.5625,2,2,6.830134553650706e-05,0.0,0.3219725428590943,0.3225189536233864,0.38685911893844604,0.3773958384990692,0.032609064131975174,0.05818469822406769,0.0,1.0,1.0,crops/loss_to_otherveg_20.png,crops_native/loss_to_otherveg_20_native.png
loss_to_otherveg_21,loss_to_otherveg,1,2,732956.5,4051044.75,2439.989990234375,260.5549441087654,4488.82019397735,2170.7390088639995,1024,212,0.0679170053509759,nan,2,2,0.11187760398879858,0.13605628030872208,0.03845365753705348,0.06222252578375794,0.3734090030193329,0.3784617781639099,0.07489869743585587,0.0653706043958664,0.0,1.0,1.0,crops/loss_to_otherveg_21.png,crops_native/loss_to_otherveg_21_native.png
loss_to_otherveg_22,loss_to_otherveg,1,2,733182.5,4051295.75,2391.110107421875,467.4252839920864,1335.5032333675258,2466.7152776593284,773,438,0.12184042648916284,nan,2,2,0.004439587459872959,0.0024588484393142547,0.004712792842018988,0.0,0.3861370086669922,0.38479697704315186,0.08159241825342178,0.08949048817157745,-1.0,0.0,1.0,crops/loss_to_otherveg_22.png,crops_native/loss_to_otherveg_22_native.png
loss_to_otherveg_23,loss_to_otherveg,1,2,733181.5,4050962.75,2445.4599609375,497.0380302621722,4084.6525260201433,1973.5481784467559,1106,437,0.129559370582747,0.125,2,2,0.20920702137832115,0.2781913803701933,0.17635407417526125,0.10450105867085581,0.38056084513664246,0.38539692759513855,0.10302536189556122,0.1487388163805008,-1.0,0.0,1.0,crops/loss_to_otherveg_23.png,crops_native/loss_to_otherveg_23_native.png
loss_to_otherveg_24,loss_to_otherveg,1,2,733233.5,4051134.75,2395.72998046875,504.83494204741714,2682.45062315314,2350.1856301447747,934,489,0.13159173616019126,nan,2,2,0.012430844887644286,0.004166382077726931,0.11863943719691278,0.12301072331124924,0.37910205125808716,0.37959396839141846,0.2838602066040039,0.26952749490737915,-1.0,0.0,1.0,crops/loss_to_otherveg_24.png,crops_native/loss_to_otherveg_24_native.png
loss_to_otherveg_25,loss_to_otherveg,1,2,733130.5,4051251.75,2364.18994140625,413.2770637570653,1644.8030143954206,2800.876567265209,817,386,0.10772599478637163,0.125,2,2,0.015982514855542654,0.00013660269107301413,0.017553445802882317,0.0015709309473396626,0.4028596878051758,0.4022330045700073,0.08566969633102417,0.09722734242677689,-1.0,1.0,1.4142135623730951,crops/loss_to_otherveg_25.png,crops_native/loss_to_otherveg_25_native.png
loss_to_otherveg_26,loss_to_otherveg,1,2,733138.5,4051261.75,2366.530029296875,422.2372987275586,1561.298131163027,2762.1136399472953,807,394,0.11006159555003613,nan,1,2,0.1756710607198962,0.00396147804111741,0.015504405436787105,0.00020490403660952122,0.37046870589256287,0.3781047761440277,0.0648857057094574,0.0765400379896164,-1.0,1.0,1.4142135623730951,crops/loss_to_otherveg_26.png,crops_native/loss_to_otherveg_26_native.png
loss_to_otherveg_27,loss_to_otherveg,1,2,733165.5,4051302.75,2389.050048828125,453.3267435241668,1232.2391347084103,2510.0348491246896,766,421,0.1181654601526924,0.125,2,2,0.058807458506932586,0.06345195000341507,0.003824875350044396,0.004098080732190424,0.39844462275505066,0.3960091769695282,0.05924125760793686,0.08156506717205048,-1.0,0.0,1.0,crops/loss_to_otherveg_27.png,crops_native/loss_to_otherveg_27_native.png
loss_to_otherveg_28,loss_to_otherveg,1,2,733484.5,4051008.75,2521.679931640625,771.5970343980256,3187.093775321737,1555.0198638884538,1060,740,0.20112671472521437,nan,4,4,0.039546479065637595,0.029506181271771053,0.36568540400245886,0.40830544361723925,0.37890881299972534,0.3824271857738495,0.15728232264518738,0.13975591957569122,0.0,0.0,0.0,crops/loss_to_otherveg_28.png,crops_native/loss_to_otherveg_28_native.png
loss_to_otherveg_29,loss_to_otherveg,1,2,732816.5,4051112.75,2443.969970703125,107.09140208402972,5153.965500762781,2524.430446370764,956,72,0.027914754614475474,nan,2,2,0.03401407007718052,0.051635817225599345,0.0024588484393142547,0.00013660269107301413,0.36578279733657837,0.3948736786842346,0.19586625695228577,0.17663931846618652,23.0,11.0,25.495097567963924,crops/loss_to_otherveg_29.png,crops_native/loss_to_otherveg_29_native.png
loss_to_otherveg_30,loss_to_otherveg,1,2,732960.5,4051109.75,2421.4599609375,239.5004253231951,3488.0949434818813,2479.8392841143304,959,216,0.06242887358700951,0.125,1,2,0.0007513148009015778,0.0,0.004098080732190424,0.0,0.3817483186721802,0.3927766680717468,0.07868154346942902,0.06814155727624893,-1.0,1.0,1.4142135623730951,crops/loss_to_otherveg_30.png,crops_native/loss_to_otherveg_30_native.png
loss_to_rowan_01,loss_to_rowan,1,4,733414.5,4051194.75,2462.580078125,679.8937348834775,2249.9853109489704,1850.2193976890794,874,670,0.1772230674344847,0.25,2,1,0.37039819684447783,0.38569769824465544,0.08920155727067823,0.08134690253397991,0.3958369195461273,0.38886502385139465,0.06253783404827118,0.06141091138124466,-1.0,0.0,1.0,crops/loss_to_rowan_01.png,crops_native/loss_to_rowan_01_native.png
loss_to_rowan_02,loss_to_rowan,1,4,733328.5,4051321.75,2428.75,611.1436035740168,1406.8345295920656,2073.235792708515,747,584,0.15930245935699686,0.1875,7,1,0.0656375930605833,0.028549962434259956,0.11645379413974455,0.10777952325660815,0.40140941739082336,0.3889971375465393,0.12724359333515167,0.12199869751930237,0.0,0.0,0.0,crops/loss_to_rowan_02.png,crops_native/loss_to_rowan_02_native.png
loss_to_rowan_03,loss_to_rowan,1,4,733365.5,4051288.75,2444.929931640625,640.1689105710217,1665.459922419881,1959.8677381385944,780,621,0.16686827983057193,0.0625,4,2,0.11160439860665256,0.06946246841062768,0.11522436992008743,0.09507547298681784,0.4030763804912567,0.3987935781478882,0.17581221461296082,0.18423688411712646,-1.0,0.0,1.0,crops/loss_to_rowan_03.png,crops_native/loss_to_rowan_03_native.png
loss_to_rowan_04,loss_to_rowan,1,4,733161.5,4051171.75,2378.860107421875,434.3566596414908,2414.7174649362214,2586.7314018236875,897,417,0.11322066321945769,nan,2,4,0.020422102315415615,0.014821391981422034,0.0579878423604945,0.02096851307970767,0.3884109556674957,0.3941802382469177,0.23945115506649017,0.30833378434181213,-1.0,1.0,1.4142135623730951,crops/loss_to_rowan_04.png,crops_native/loss_to_rowan_04_native.png
loss_to_rowan_05,loss_to_rowan,1,4,733430.5,4051185.75,2466.8701171875,695.7924477842304,2301.5434172451187,1826.7511232306026,883,686,0.18136727192405033,nan,1,7,0.2474557748787651,0.26835598661293625,0.10941875554948433,0.0638617580766341,0.39357101917266846,0.39226797223091125,0.18852481245994568,0.17039839923381805,-1.0,0.0,1.0,crops/loss_to_rowan_05.png,crops_native/loss_to_rowan_05_native.png
loss_to_maple_01,loss_to_maple,1,5,733498.5,4051095.75,2511.97998046875,770.1784136713237,2751.4099441808803,1605.3382266896378,973,754,0.20075693294342561,0.25,2,6,0.0608564988730278,0.05778293832388498,0.1372174031828427,0.1285431322997063,0.3794945478439331,0.376254677772522,0.13355354964733124,0.1053311824798584,-1.0,0.0,1.0,crops/loss_to_maple_01.png,crops_native/loss_to_maple_01_native.png
loss_to_maple_02,loss_to_maple,1,5,733369.5,4051258.75,2443.2099609375,639.7794461684376,1854.1563364634767,1968.7633263207658,810,625,0.16676676091292178,nan,7,2,0.09801243084488764,0.04118571135851376,0.12915784440953487,0.06215422443822143,0.38324445486068726,0.3783508241176605,0.1366824209690094,0.12779667973518372,0.0,0.0,0.0,crops/loss_to_maple_02.png,crops_native/loss_to_maple_02_native.png
loss_to_maple_03,loss_to_maple,1,5,733267.5,4051189.75,2399.489990234375,536.1799322693739,2267.0443529314994,2299.683340886556,879,523,0.13976221197254915,nan,2,2,0.1460965781025886,0.09712451335291306,0.22771668601871456,0.18837511098968648,0.4001701772212982,0.3979954719543457,0.08709623664617538,0.08831173926591873,-1.0,0.0,1.0,crops/loss_to_maple_03.png,crops_native/loss_to_maple_03_native.png
loss_to_alder_01,loss_to_alder,1,6,733270.5,4051059.75,2412.739990234375,551.086857062257,3175.9840096508015,2188.757778119279,1009,526,0.14364789410530576,0.125,2,2,0.0006830134553650707,6.830134553650706e-05,0.007581449354552285,0.004507888805409466,0.3986065983772278,0.39060989022254944,0.19737331569194794,0.19702200591564178,-1.0,0.0,1.0,crops/loss_to_alder_01.png,crops_native/loss_to_alder_01_native.png
loss_to_alder_02,loss_to_alder,1,6,733502.5,4051088.75,2514.4599609375,775.1119633277186,2783.3830993092315,1594.643816536507,980,758,0.20204292626648,nan,1,1,0.06420326480431665,0.06700361997131343,0.08564988730277986,0.09992486851990984,0.38931775093078613,0.3938455581665039,0.115177221596241,0.09261603653430939,-1.0,0.0,1.0,crops/loss_to_alder_02.png,crops_native/loss_to_alder_02_native.png
loss_to_alder_03,loss_to_alder,1,6,733460.5,4050944.75,2524.93994140625,765.7730112532802,3528.5445157735144,1531.829804259052,1124,716,0.19960860800711364,0.25,2,2,0.005532408988457072,0.009425585684037976,0.3323543473806434,0.33850146847892904,0.37262865900993347,0.3751457631587982,0.17061926424503326,0.15471048653125763,0.0,0.0,0.0,crops/loss_to_alder_03.png,crops_native/loss_to_alder_03_native.png
loss_to_alder_04,loss_to_alder,1,6,733491.5,4051007.75,2526.1201171875,778.9887142386024,3184.1083307640183,1536.0222007332886,1061,747,0.2030534513718834,0.1875,5,5,0.039819684447783624,0.029506181271771053,0.2949252100266375,0.32026500922068163,0.3881496787071228,0.38778388500213623,0.19482165575027466,0.1712399572134018,0.0,0.0,0.0,crops/loss_to_alder_04.png,crops_native/loss_to_alder_04_native.png
control_stable_sasa_01,control_stable_sasa,1,1,733479.5,4051132.75,2496.169921875,747.1432888251171,2574.8437956094003,1678.6950350408824,936,735,0.19475253067506126,nan,2,2,0.04173212212280582,0.024725087084215558,0.1766955809029438,0.13175329553992213,0.376740962266922,0.3835146725177765,0.18973666429519653,0.22365403175354004,-1.0,0.0,1.0,crops/control_stable_sasa_01.png,crops_native/control_stable_sasa_01_native.png
control_stable_sasa_02,control_stable_sasa,1,1,733415.5,4051167.75,2467.090087890625,680.8873362990023,2402.3035785011953,1824.3136294031156,901,671,0.1774820624533118,0.0625,1,1,0.09220681647428454,0.09261662454750359,0.24267468069120962,0.2059285567925688,0.3905874192714691,0.3869990408420563,0.16009950637817383,0.15909582376480103,0.0,0.0,0.0,crops/control_stable_sasa_02.png,crops_native/control_stable_sasa_02_native.png
control_stable_sasa_03,control_stable_sasa,1,1,732816.5,4051118.75,2442.8701171875,103.58806999510563,4929.517497565322,2570.2478367654767,950,72,0.027001565939266992,nan,2,2,0.0,0.0,0.0,0.0,0.3838614821434021,0.39474689960479736,0.1497160941362381,0.11547145992517471,-5.0,8.0,9.433981132056603,crops/control_stable_sasa_03.png,crops_native/control_stable_sasa_03_native.png
control_stable_sasa_04,control_stable_sasa,1,1,733513.5,4051093.75,2517.72998046875,785.6784420814821,2752.96531826659,1582.4188507310591,975,769,0.20479721518053243,0.3125,1,1,0.06092480021856431,0.05873915716139608,0.130250665938119,0.12314732600232224,0.3848722279071808,0.38255950808525085,0.11761714518070221,0.10626872628927231,0.0,0.0,0.0,crops/control_stable_sasa_04.png,crops_native/control_stable_sasa_04_native.png
control_stable_sasa_05,control_stable_sasa,1,1,733280.5,4051190.75,2403.68994140625,548.6738394458039,2261.218178841113,2260.080553541602,878,536,0.14301890995407726,nan,2,2,0.08592309268492589,0.04193702615941534,0.1720510894064613,0.13653438972747764,0.389832079410553,0.39246222376823425,0.08429960906505585,0.09279434382915497,-1.0,0.0,1.0,crops/control_stable_sasa_05.png,crops_native/control_stable_sasa_05_native.png
control_stable_sasa_06,control_stable_sasa,1,1,733285.5,4051106.75,2409.949951171875,557.8074919477245,2839.6546421464955,2204.5600544318595,962,541,0.14539971423307013,nan,2,2,0.004166382077726931,0.001980739020558705,0.032101632402158325,0.004917696878628509,0.3791540563106537,0.3867102861404419,0.19086453318595886,0.20235830545425415,0.0,0.0,0.0,crops/control_stable_sasa_06.png,crops_native/control_stable_sasa_06_native.png
control_stable_sasa_07,control_stable_sasa,1,1,733088.5,4051074.75,2421.3798828125,371.07117236316395,3438.6458420266845,2259.1358088281686,994,344,0.09672448506086159,0.125,2,2,0.037360836008469366,0.07048698859367529,0.18441363294856908,0.15347312342053138,0.3757815659046173,0.3864990770816803,0.059822507202625275,0.0736575573682785,0.0,0.0,0.0,crops/control_stable_sasa_07.png,crops_native/control_stable_sasa_07_native.png
control_stable_sasa_08,control_stable_sasa,1,1,733105.5,4051074.75,2418.3701171875,387.61824337521284,3390.2005073888245,2271.864739636768,994,361,0.1010376924510049,0.0625,2,2,0.05327504951847552,0.09903695102793525,0.11857113585137627,0.10497916808961137,0.3839135766029358,0.38896408677101135,0.16902801394462585,0.12440174072980881,0.0,0.0,0.0,crops/control_stable_sasa_08.png,crops_native/control_stable_sasa_08_native.png
control_stable_sasa_09,control_stable_sasa,1,1,733203.5,4051295.75,2399.760009765625,486.440732058057,1379.1816208564555,2367.996264157431,773,459,0.12679704818162482,0.0625,2,2,0.031077112219110716,0.04323475172460897,0.044600778635339115,0.02841335974318694,0.37264230847358704,0.36842963099479675,0.03476135805249214,0.055753909051418304,-1.0,0.0,1.0,crops/control_stable_sasa_09.png,crops_native/control_stable_sasa_09_native.png
control_stable_sasa_10,control_stable_sasa,1,1,733421.5,4051167.75,2469.93994140625,686.923564362176,2401.6178584007175,1808.7916919301351,901,677,0.17905548311922379,nan,1,1,0.10736971518338911,0.10620859230926849,0.22874120620176217,0.1942490267058261,0.3911557197570801,0.38687512278556824,0.11755434423685074,0.10769651085138321,0.0,0.0,0.0,crops/control_stable_sasa_10.png,crops_native/control_stable_sasa_10_native.png
control_stable_sasa_11,control_stable_sasa,1,1,733078.5,4050993.75,2440.550048828125,391.49732436143245,4267.9168718812625,2056.642289643592,1075,334,0.10204882492058479,nan,2,2,0.013387063725155385,0.03155522163786627,0.010313503176012567,0.007581449354552285,0.4023405611515045,0.400911420583725,0.05002961307764053,0.06471725553274155,-1.0,0.0,1.0,crops/control_stable_sasa_11.png,crops_native/control_stable_sasa_11_native.png
control_stable_sasa_12,control_stable_sasa,1,1,733476.5,4051048.75,2510.889892578125,755.0418550517352,2999.265476750513,1604.578580699502,1020,732,0.19681139379321544,nan,2,2,0.05566559661225326,0.02540810053958063,0.3977187350590807,0.3786626596543952,0.3816922903060913,0.3875057101249695,0.11042971163988113,0.10946457833051682,-1.0,1.0,1.4142135623730951,crops/control_stable_sasa_12.png,crops_native/control_stable_sasa_12_native.png
control_stable_sasa_13,control_stable_sasa,1,1,733510.5,4051083.75,2517.820068359375,783.8792331194262,2802.847880945894,1581.1827076008672,985,766,0.20432822816851678,0.1875,4,7,0.05129431049791681,0.057919541014958,0.03176012567447579,0.0511577078068438,0.387765496969223,0.38688546419143677,0.20694522559642792,0.14410901069641113,-1.0,0.0,1.0,crops/control_stable_sasa_13.png,crops_native/control_stable_sasa_13_native.png
control_stable_sasa_14,control_stable_sasa,1,1,733298.5,4051123.75,2411.27001953125,568.5948388300485,2715.1884642317364,2189.8719059598525,945,554,0.14821157527234405,0.0625,2,2,0.03900006830134554,0.017143637729663274,0.0704186872481388,0.04302984768799945,0.39742541313171387,0.3913606107234955,0.1546398252248764,0.125649556517601,-1.0,0.0,1.0,crops/control_stable_sasa_14.png,crops_native/control_stable_sasa_14_native.png
control_stable_sasa_15,control_stable_sasa,1,1,733402.5,4051188.75,2459.89990234375,667.7856868357037,2283.1760484325246,1865.2083389151433,880,658,0.17406694860947694,0.1875,7,1,0.33966259135304966,0.35762584522915103,0.12294242196571273,0.09521207567789085,0.3832103908061981,0.393710196018219,0.11678554117679596,0.10633102804422379,-1.0,1.0,1.4142135623730951,crops/control_stable_sasa_15.png,crops_native/control_stable_sasa_15_native.png
control_stable_sasa_16,control_stable_sasa,1,1,733432.5,4050907.75,2519.929931640625,751.4734106882668,3757.8177967349334,1547.4771281953965,1161,688,0.1958812327641959,0.3125,7,7,0.01584591216446964,0.025749607267263164,0.12102998429069052,0.1101017690048494,0.39199206233024597,0.3947282135486603,0.09283866733312607,0.11165272444486618,0.0,0.0,0.0,crops/control_stable_sasa_16.png,crops_native/control_stable_sasa_16_native.png
control_stable_sasa_17,control_stable_sasa,1,1,733331.5,4050948.75,2472.14990234375,640.1686507868014,3750.2042854143565,1784.8588218495506,1120,587,0.16686821211446567,0.0625,1,1,0.052045625298818385,0.08223482002595452,0.2947886073355645,0.29383238849805343,0.3858385682106018,0.3872505724430084,0.21889078617095947,0.22218795120716095,-1.0,0.0,1.0,crops/control_stable_sasa_17.png,crops_native/control_stable_sasa_17_native.png
control_stable_sasa_18,control_stable_sasa,1,1,733470.5,4051242.75,2492.030029296875,739.1035233695765,2003.305295595786,1697.6439135052478,826,726,0.19265686215749667,nan,2,6,0.011338023359060173,0.016255720237688683,0.030803906836964687,0.054162967010450105,0.38897907733917236,0.37953975796699524,0.2687278389930725,0.23470240831375122,-1.0,0.0,1.0,crops/control_stable_sasa_18.png,crops_native/control_stable_sasa_18_native.png
control_stable_sasa_19,control_stable_sasa,1,1,733081.5,4051080.75,2419.610107421875,362.90374852117543,3398.6899130747724,2286.7270142766506,988,337,0.09459554073905103,nan,7,7,0.026432620722628235,0.07219452223208797,0.09268492589304009,0.07478997336247524,0.39156246185302734,0.3970196843147278,0.20316267013549805,0.17331667244434357,0.0,0.0,0.0,crops/control_stable_sasa_19.png,crops_native/control_stable_sasa_19_native.png
control_stable_sasa_20,control_stable_sasa,1,1,732924.5,4051123.75,2418.919921875,202.05647947324263,3436.6715672602795,2646.662671407329,945,180,0.052668626360262226,nan,2,2,0.24786558295198416,0.19069735673792773,0.13953964893108395,0.049108667440748585,0.39101752638816833,0.4123501777648926,0.18467198312282562,0.13731417059898376,-1.0,1.0,1.4142135623730951,crops/control_stable_sasa_20.png,crops_native/control_stable_sasa_20_native.png
control_stable_dwarfpine_01,control_stable_dwarfpine,7,7,733542.5,4051297.75,2517.800048828125,818.3228717432274,1767.5174684852163,1589.267642938672,771,798,0.21330640663571668,0.3125,7,7,0.000956218837511099,0.0032784645857523395,0.6168977528857319,0.5939485007854655,0.38031280040740967,0.37778082489967346,0.09765797108411789,0.08070477098226547,0.0,1.0,1.0,crops/control_stable_dwarfpine_01.png,crops_native/control_stable_dwarfpine_01_native.png
control_stable_dwarfpine_02,control_stable_dwarfpine,7,7,733253.5,4051144.75,2406.219970703125,522.6583608198441,2595.74029800997,2256.686099157039,924,509,0.13623764004921626,0.0625,7,7,0.01885117136807595,0.015436104091250598,0.8160644764701864,0.7797964619903012,0.3965524733066559,0.3994990289211273,0.2590901255607605,0.18755628168582916,0.0,0.0,0.0,crops/control_stable_dwarfpine_02.png,crops_native/control_stable_dwarfpine_02_native.png
control_stable_dwarfpine_03,control_stable_dwarfpine,7,7,733430.5,4051156.75,2476.530029296875,696.3351120725068,2461.004937514016,1773.1755586566994,912,686,0.18150872436701482,0.25,7,7,0.01488969332695854,0.012499146233180793,0.40058739157161394,0.36363636363636365,0.3853447735309601,0.37997958064079285,0.15867871046066284,0.13450883328914642,0.0,0.0,0.0,crops/control_stable_dwarfpine_03.png,crops_native/control_stable_dwarfpine_03_native.png
control_stable_dwarfpine_04,control_stable_dwarfpine,7,7,733606.5,4051190.75,2568.389892578125,878.574461782087,2284.645856616152,1388.167384415236,878,862,0.22901176036473989,0.0625,7,7,0.007649750700088792,0.01284065296086333,0.6787787719418072,0.6937367666143023,0.3834038972854614,0.38172855973243713,0.14471900463104248,0.10054823756217957,0.0,0.0,0.0,crops/control_stable_dwarfpine_04.png,crops_native/control_stable_dwarfpine_04_native.png
control_stable_dwarfpine_05,control_stable_dwarfpine,7,7,733472.5,4051020.75,2513.47998046875,756.695761760197,3141.7156519364976,1591.0118303061995,1048,728,0.19724250589954234,0.0625,7,7,0.03169182432893928,0.01905607540468547,0.6429205655351411,0.6575370534799535,0.37444007396698,0.37853121757507324,0.1736534684896469,0.10341190546751022,-1.0,0.0,1.0,crops/control_stable_dwarfpine_05.png,crops_native/control_stable_dwarfpine_05_native.png
control_stable_dwarfpine_06,control_stable_dwarfpine,7,7,733507.5,4051363.75,2495.169921875,795.0350103104821,1407.3890353991446,1690.7554322412184,705,763,0.2072361253176991,nan,6,4,0.001912437675022198,0.0017758349839491839,0.2280581927463971,0.2086606106140291,0.37823978066444397,0.357783704996109,0.21603502333164215,0.09178945422172546,0.0,0.0,0.0,crops/control_stable_dwarfpine_06.png,crops_native/control_stable_dwarfpine_06_native.png
control_stable_dwarfpine_07,control_stable_dwarfpine,7,7,733364.5,4050903.75,2491.219970703125,688.4708888394618,3923.695406217662,1679.9700875986086,1165,620,0.17945881319289783,0.375,2,2,0.018714568677002937,0.009015777610818933,0.21781299091592105,0.2124854859640735,0.3893340528011322,0.38648781180381775,0.05543087422847748,0.06005360558629036,-1.0,0.0,1.0,crops/control_stable_dwarfpine_07.png,crops_native/control_stable_dwarfpine_07_native.png
control_stable_dwarfpine_08,control_stable_dwarfpine,7,7,733619.5,4051167.75,2578.330078125,892.7682204595137,2384.979352459808,1353.2016899959217,901,875,0.2327115465551061,0.25,7,7,0.0034833686223618605,0.0015709309473396626,0.637114951164538,0.6461990301208934,0.3820659816265106,0.37993305921554565,0.11767367273569107,0.0784374475479126,0.0,0.0,0.0,crops/control_stable_dwarfpine_08.png,crops_native/control_stable_dwarfpine_08_native.png
control_stable_dwarfpine_09,control_stable_dwarfpine,7,7,733547.5,4051488.75,2484.7099609375,869.6981784391127,844.589134040257,1751.5828236813811,580,803,0.22669804267512308,0.125,6,6,0.0013660269107301415,0.00040980807321904243,0.20060105184072127,0.13892493682125537,0.3842332363128662,0.3800406754016876,0.16732735931873322,0.13601236045360565,0.0,1.0,1.0,crops/control_stable_dwarfpine_09.png,crops_native/control_stable_dwarfpine_09_native.png
control_stable_dwarfpine_10,control_stable_dwarfpine,7,7,733623.5,4051205.75,2578.8701171875,897.0818000304647,2220.6260805848283,1351.6292980034186,863,879,0.23383593668250985,0.25,7,7,6.830134553650706e-05,0.00034150672768253537,0.8488491223277098,0.8401065500990369,0.38109081983566284,0.3794586956501007,0.1250874549150467,0.0968136191368103,0.0,0.0,0.0,crops/control_stable_dwarfpine_10.png,crops_native/control_stable_dwarfpine_10_native.png
control_stable_dwarfpine_11,control_stable_dwarfpine,7,7,733474.5,4051565.75,2442.639892578125,834.3478765831594,270.0778466884117,1967.7889138637452,503,730,0.21748353074743088,nan,6,7,6.830134553650706e-05,0.0,0.5878696810327163,0.6177173690321699,0.3822706639766693,0.3589325249195099,0.13785110414028168,0.12005474418401718,0.0,-1.0,1.0,crops/control_stable_dwarfpine_11.png,crops_native/control_stable_dwarfpine_11_native.png
control_stable_dwarfpine_12,control_stable_dwarfpine,7,7,733525.5,4051347.75,2513.280029296875,810.0783170264227,1507.8514579400137,1605.3825187363332,721,781,0.211157357156986,0.3125,7,7,0.00013660269107301413,0.003073560549142818,0.7849190629055393,0.7442114609657811,0.37520062923431396,0.37530404329299927,0.13352182507514954,0.07290627062320709,1.0,0.0,1.0,crops/control_stable_dwarfpine_12.png,crops_native/control_stable_dwarfpine_12_native.png
control_stable_dwarfpine_13,control_stable_dwarfpine,7,7,733394.5,4050629.75,2578.22998046875,867.3771082276369,5179.252042067919,1247.490728590702,1439,650,0.22609302580042126,0.3125,7,7,0.0,0.00034150672768253537,0.6151902192473192,0.6207909295813128,0.35603535175323486,0.37240830063819885,0.17029443383216858,0.11803865432739258,0.0,0.0,0.0,crops/control_stable_dwarfpine_13.png,crops_native/control_stable_dwarfpine_13_native.png
control_stable_dwarfpine_14,control_stable_dwarfpine,7,7,733112.5,4051023.75,2436.6201171875,409.48397300171126,3841.0293392836356,2080.447072812748,1045,368,0.10673727677908415,0.0625,2,2,0.04917696878628509,0.05785123966942149,0.32600232224574827,0.32982719759579265,0.3905259966850281,0.3959258496761322,0.09030800312757492,0.08967550843954086,-1.0,0.0,1.0,crops/control_stable_dwarfpine_14.png,crops_native/control_stable_dwarfpine_14_native.png
control_stable_dwarfpine_15,control_stable_dwarfpine,7,7,733476.5,4050613.75,2577.889892578125,940.7722780536822,4964.463537128338,1311.9829557196995,1455,732,0.24522442305278147,0.25,7,7,0.0,0.0,0.39471347585547434,0.4188921521753979,0.34563374519348145,0.3529492914676666,0.2929765582084656,0.27483296394348145,-1.0,0.0,1.0,crops/control_stable_dwarfpine_15.png,crops_native/control_stable_dwarfpine_15_native.png
control_stable_dwarfpine_16,control_stable_dwarfpine,7,7,733549.5,4051356.75,2518.669921875,835.7417216251204,1488.9637710046516,1587.4073029692324,712,805,0.21784685442757482,0.5625,7,7,0.00013660269107301413,0.00013660269107301413,0.6790519773239533,0.6590396830817568,0.3772714138031006,0.3745962083339691,0.11011660844087601,0.06829207390546799,0.0,1.0,1.0,crops/control_stable_dwarfpine_16.png,crops_native/control_stable_dwarfpine_16_native.png
control_stable_dwarfpine_17,control_stable_dwarfpine,7,7,733603.5,4051465.75,2518.47998046875,916.3615679309886,1046.9189861688506,1606.1826549394389,603,859,0.23886145674755555,0.5,2,2,0.0007513148009015778,0.0,0.4716207909295813,0.4581654258588894,0.37241074442863464,0.3736223578453064,0.13749484717845917,0.17367011308670044,0.0,0.0,0.0,crops/control_stable_dwarfpine_17.png,crops_native/control_stable_dwarfpine_17_native.png
control_stable_dwarfpine_18,control_stable_dwarfpine,7,7,733524.5,4051341.75,2514.18994140625,807.9421699234347,1536.5913919914942,1600.5523581051666,727,780,0.21060054287460744,0.125,7,7,0.00034150672768253537,0.013796871798374428,0.777610818933133,0.7358786968103271,0.3786812424659729,0.378417044878006,0.09171692281961441,0.07505536824464798,1.0,0.0,1.0,crops/control_stable_dwarfpine_18.png,crops_native/control_stable_dwarfpine_18_native.png
control_stable_dwarfpine_19,control_stable_dwarfpine,7,7,733571.5,4051516.75,2497.360107421875,902.6760588705711,753.525059298735,1695.823949435476,552,827,0.23529415237240153,0.125,7,7,0.0,0.0012294242196571274,0.5876647769961069,0.5867768595041323,0.3783733546733856,0.37154144048690796,0.0819789245724678,0.08112667500972748,1.0,1.0,1.4142135623730951,crops/control_stable_dwarfpine_19.png,crops_native/control_stable_dwarfpine_19_native.png
control_stable_dwarfpine_20,control_stable_dwarfpine,7,7,733532.5,4051443.75,2499.9599609375,841.1159288289605,1040.5765762189847,1673.5898269287422,625,788,0.21924771082148803,nan,7,7,0.0006830134553650707,0.0,0.5921726658015163,0.5976367734444369,0.37492769956588745,0.37731242179870605,0.07767479121685028,0.06246604397892952,0.0,0.0,0.0,crops/control_stable_dwarfpine_20.png,crops_native/control_stable_dwarfpine_20_native.png
gain_dwarfpine_to_sasa_01,gain_dwarfpine_to_sasa,7,1,733206.5,4050978.75,2441.090087890625,513.2713430261471,3884.5334880295454,2002.295767020698,1090,462,0.13379079284044446,0.125,7,7,0.030667304145891673,0.04323475172460897,0.39553309200191245,0.36377296632743666,0.3973313271999359,0.3948027789592743,0.19566436111927032,0.18601705133914948,0.0,0.0,0.0,crops/gain_dwarfpine_to_sasa_01.png,crops_native/gain_dwarfpine_to_sasa_01_native.png
gain_dwarfpine_to_sasa_02,gain_dwarfpine_to_sasa,7,1,733359.5,4051159.75,2431.840087890625,625.6748480630122,2458.7691297662427,2036.0473614182636,909,615,0.16309021557513817,0.3125,2,2,0.05491428181135168,0.07567789085444983,0.12690390000683013,0.15449764360357898,0.3880314230918884,0.37947386503219604,0.07719682157039642,0.08265062421560287,-1.0,-1.0,1.4142135623730951,crops/gain_dwarfpine_to_sasa_02.png,crops_native/gain_dwarfpine_to_sasa_02_native.png
gain_dwarfpine_to_sasa_03,gain_dwarfpine_to_sasa,7,1,733394.5,4051180.75,2456.75,659.7365161255996,2329.288198768279,1883.3201814836807,888,650,0.1719688284910544,nan,5,5,0.17444163650023906,0.19725428590943242,0.14466224984632198,0.10088108735742093,0.37147843837738037,0.391389936208725,0.1078900396823883,0.09164004027843475,0.0,0.0,0.0,crops/gain_dwarfpine_to_sasa_03.png,crops_native/gain_dwarfpine_to_sasa_03_native.png
gain_dwarfpine_to_sasa_04,gain_dwarfpine_to_sasa,7,1,733242.5,4051233.75,2395.72998046875,514.5087199978583,1929.582746893889,2354.148645299708,835,498,0.13411333110083457,0.1875,1,7,0.06536438767843726,0.024110374974386995,0.19752749129157846,0.3110443275732532,0.4009041488170624,0.40154457092285156,0.12600946426391602,0.12926463782787323,-2.0,-1.0,2.23606797749979,crops/gain_dwarfpine_to_sasa_04.png,crops_native/gain_dwarfpine_to_sasa_04_native.png
gain_dwarfpine_to_sasa_05,gain_dwarfpine_to_sasa,7,1,733545.5,4051250.75,2526.909912109375,816.5859758305411,1995.2469725601634,1547.183300556917,818,801,0.21285366232338165,0.6875,2,2,0.0021173417116317193,0.00027320538214602825,0.0685745509186531,0.05067959838808825,0.361452579498291,0.3674435615539551,0.15301086008548737,0.1799047291278839,0.0,1.0,1.0,crops/gain_dwarfpine_to_sasa_05.png,crops_native/gain_dwarfpine_to_sasa_05_native.png
gain_dwarfpine_to_sasa_06,gain_dwarfpine_to_sasa,7,1,733230.5,4051283.75,2407.719970703125,509.0665896748038,1525.2876920001722,2277.129821477031,785,486,0.1326947696702086,nan,1,1,0.08961136534389727,0.08319103886346561,0.2909637319855201,0.2376886824670446,0.3992176055908203,0.39187419414520264,0.08063604682683945,0.08805626630783081,-1.0,0.0,1.0,crops/gain_dwarfpine_to_sasa_06.png,crops_native/gain_dwarfpine_to_sasa_06_native.png
gain_dwarfpine_to_sasa_07,gain_dwarfpine_to_sasa,7,1,733385.5,4051206.75,2449.8798828125,651.3426763753698,2175.6147793254713,1924.9004771001084,862,641,0.1697808659437246,nan,7,5,0.24861689775288573,0.25087084215559047,0.09384604876716071,0.08653780479475445,0.36621561646461487,0.390229731798172,0.27095720171928406,0.23082998394966125,-1.0,0.0,1.0,crops/gain_dwarfpine_to_sasa_07.png,crops_native/gain_dwarfpine_to_sasa_07_native.png
gain_dwarfpine_to_sasa_08,gain_dwarfpine_to_sasa,7,1,733509.5,4051095.75,2516.030029296875,781.3704243840474,2745.455041864123,1589.2174977980205,973,765,0.20367427482716635,0.9375,1,7,0.06078819752749129,0.05723652755959292,0.15224369920087424,0.13564647223550305,0.3981214761734009,0.38937443494796753,0.2016599327325821,0.18196725845336914,-1.0,0.0,1.0,crops/gain_dwarfpine_to_sasa_08.png,crops_native/gain_dwarfpine_to_sasa_08_native.png
gain_dwarfpine_to_sasa_09,gain_dwarfpine_to_sasa,7,1,733354.5,4051168.75,2431.8798828125,620.4494252188975,2404.293394976649,2037.650990589058,900,610,0.16172814174276945,nan,4,6,0.07506317874462128,0.09931015641008129,0.20162557202376888,0.3624069394167065,0.3903745114803314,0.38710013031959534,0.18672840297222137,0.1369950920343399,9.0,16.0,18.35755975068582,crops/gain_dwarfpine_to_sasa_09.png,crops_native/gain_dwarfpine_to_sasa_09_native.png
gain_dwarfpine_to_sasa_10,gain_dwarfpine_to_sasa,7,1,733301.5,4051350.75,2413.090087890625,593.6514510511824,1162.1340677400149,2192.6750320598308,718,557,0.15474290428673304,nan,2,2,0.023905470937777475,0.009630489720647497,0.14193019602486168,0.12451335291305239,0.38219690322875977,0.38460612297058105,0.05841788277029991,0.06923284381628036,0.0,0.0,0.0,crops/gain_dwarfpine_to_sasa_10.png,crops_native/gain_dwarfpine_to_sasa_10_native.png
