variant,class_ja,class_en,support_total,precision_mean,precision_sd,recall_mean,recall_sd,f1_mean,f1_sd,pooled_precision,pooled_recall,pooled_f1
2012_5x5,ササ,Dwarf bamboo (Sasa spp.),38396,0.967134,0.005983,0.953433,0.005352,0.960211,0.001988,0.967084,0.953433,0.960210
2012_5x5,その他植生,Other vegetation,339439,0.987871,0.002278,0.992714,0.001306,0.990285,0.001094,0.987866,0.992714,0.990284
2012_5x5,無植生,Non-vegetated,40632,0.978661,0.004481,0.975044,0.004293,0.976836,0.001586,0.978633,0.975044,0.976835
2012_5x5,ナナカマド,Rowan (Sorbus spp.),29282,0.972327,0.003799,0.975924,0.004784,0.974109,0.001791,0.972304,0.975924,0.974111
2012_5x5,ミネカエデ,Maple (Acer tschonoskii),12758,0.970821,0.012789,0.935176,0.017537,0.952500,0.006658,0.970552,0.935178,0.952537
2012_5x5,ミヤマハンノキ,Montane alder (Alnus alnobetula ssp. maximowiczii),48130,0.983849,0.004733,0.970247,0.010682,0.976957,0.004019,0.983799,0.970247,0.976976
2012_5x5,ハイマツ,Dwarf pine (Pinus pumila),109375,0.971929,0.002608,0.972315,0.001544,0.972121,0.001667,0.971924,0.972315,0.972120
2012_5x5,macro avg,Macro average,618012,0.976085,0.002054,0.967836,0.003491,0.971860,0.002367,,,
2012_5x5,weighted avg,Weighted average,618012,0.981754,0.001499,0.981769,0.001502,0.981733,0.001512,,,
