"variant","predictor","x","yhat"
"primary","TPI",-2.77960824966431,0.17373248076474
"primary","eastness",-0.999978482723236,0.179119516057272
"primary","northness",-0.998977601528168,0.153933773644134
"primary","eastness",-0.996917810042699,0.17909674935205
"primary","eastness",-0.993375424544017,0.179144731629795
"primary","eastness",-0.989097946882248,0.178925006836573
"primary","eastness",-0.983905780315399,0.178627881880961
"primary","eastness",-0.977554798126221,0.178232019415281
"primary","eastness",-0.971208119392395,0.17782298520601
"primary","eastness",-0.963442514340083,0.177091200547412
"primary","eastness",-0.9547900279363,0.176646640668795
"primary","eastness",-0.943972057104111,0.17617577628642
"primary","eastness",-0.932577073574066,0.175708170989625
"primary","eastness",-0.919735572735468,0.175174769047547
"primary","TPI",-0.912501156330109,0.172974914049969
"primary","eastness",-0.905280959606171,0.174781633380204
"primary","eastness",-0.88985183040301,0.174449608288609
"primary","eastness",-0.872945527235667,0.174081133313471
"primary","eastness",-0.854848057031631,0.173636414930421
"primary","eastness",-0.832637878259023,0.173172952217409
"primary","northness",-0.819454512993495,0.198963561487584
"primary","eastness",-0.810561621189117,0.172626796015533
"primary","eastness",-0.78225976228714,0.17179085919793
"primary","eastness",-0.758834201097488,0.171296507553726
"primary","eastness",-0.730987350145976,0.170647066472778
"primary","eastness",-0.692203110456467,0.169710558249571
"primary","northness",-0.681448940436045,0.19474788659301
"primary","TPI",-0.667447725931803,0.17272083216186
"primary","eastness",-0.651031676928202,0.168810298042464
"primary","eastness",-0.60776967406273,0.167534094846373
"primary","northness",-0.576996266841888,0.190207928602952
"primary","eastness",-0.55321317911148,0.165963304141163
"primary","TPI",-0.506427603960037,0.172848635019054
"primary","eastness",-0.487595766782761,0.164547726758066
"primary","northness",-0.466952653725942,0.183563156923182
"primary","TPI",-0.413779322306315,0.172802906143624
"primary","eastness",-0.399884202082951,0.163095330765788
"primary","northness",-0.357564985752106,0.177969542532117
"primary","TPI",-0.339982777833939,0.172785557451219
"primary","TPI",-0.287836939096451,0.172748916757988
"primary","eastness",-0.268344697356224,0.16106091620134
"primary","northness",-0.262964564561844,0.177503352966761
"primary","TPI",-0.241161813338598,0.172773070220888
"primary","TPI",-0.198954639832179,0.172739532252778
"primary","northness",-0.173642684022586,0.177311069796927
"primary","TPI",-0.162446123361588,0.172707854050131
"primary","TPI",-0.126298104723295,0.172733121989786
"primary","northness",-0.0975403646628062,0.176797832780599
"primary","TPI",-0.0920276815692584,0.172731786587333
"primary","TPI",-0.0636131837964058,0.172718829408926
"primary","eastness",-0.053929304828246,0.16131860602644
"primary","northness",-0.0354864787310362,0.176595507553942
"primary","TPI",-0.0328668187061944,0.172770673954807
"primary","TPI",-0.0063466506078839,0.17274822013357
"primary","northness",0.0224652246882518,0.17643532661964
"primary","TPI",0.0227584494277835,0.17274046725407
"primary","TPI",0.0536920157571633,0.172810489754621
"primary","northness",0.075976881633202,0.176173050276651
"primary","TPI",0.0869195751845836,0.172822513338072
"primary","TPI",0.119735372066498,0.172847553224132
"primary","northness",0.131834533810616,0.176029258115055
"primary","TPI",0.150860226651033,0.172864451969902
"primary","northness",0.181436950465043,0.175909042410738
"primary","TPI",0.182992642124494,0.172875831212554
"primary","TPI",0.217845679819584,0.172865836498649
"primary","northness",0.227001370986303,0.17568533436877
"primary","eastness",0.234974524378777,0.16487357068621
"primary","slope",0.238248988986015,0.224011246572988
"primary","TPI",0.260155516862869,0.17287080980674
"primary","northness",0.28178608417511,0.174073148521897
"primary","TPI",0.314014428853989,0.173312702335342
"primary","northness",0.330171712239583,0.173475780643305
"primary","TPI",0.381444472074509,0.173248298367854
"primary","northness",0.385028701027234,0.169837399831588
"primary","northness",0.434702324867249,0.168388088121888
"primary","TPI",0.462472642461459,0.173233071309916
"primary","northness",0.482338423530261,0.163693608749872
"primary","northness",0.534055908521016,0.163136777026644
"primary","TPI",0.546465253829957,0.172529223053304
"primary","northness",0.578591376543045,0.162631824049794
"primary","northness",0.631533320744832,0.155572056160653
"primary","northness",0.678241272767385,0.154949193033265
"primary","TPI",0.68725266456604,0.170735082097
"primary","northness",0.735575330257416,0.15425731111546
"primary","northness",0.789756089448929,0.153563447208821
"primary","northness",0.839807367324829,0.152857725250386
"primary","TPI",0.857647442817688,0.169641791719482
"primary","northness",0.888367980718613,0.152880030672588
"primary","northness",0.939060958226522,0.155064653362945
"primary","northness",0.97816797097524,0.156758238696742
"primary","eastness",0.996360421180725,0.180383773126874
"primary","northness",0.999938011169434,0.15766857874304
"primary","TPI",1.11881397565206,0.168081880937191
"primary","twi",2.28284621238708,0.167440183079984
"primary","twi",3.1293510834376,0.172413688304994
"primary","twi",3.37506930033366,0.174115993869543
"primary","twi",3.58485696315765,0.175459021645118
"primary","twi",3.73640077908834,0.176384136376061
"primary","TPI",3.76754426956177,0.154319113205672
"primary","twi",3.86328426996867,0.177104381785629
"primary","twi",4.01719446182251,0.177329074999383
"primary","twi",4.13866985638936,0.176470016067602
"primary","twi",4.25026082992554,0.175532443985444
"primary","twi",4.36602177619934,0.174597390074687
"primary","twi",4.46483771006266,0.173933086320844
"primary","twi",4.58322849273682,0.172893351526762
"primary","twi",4.70692434310913,0.171988709213225
"primary","twi",4.82076517740885,0.171124962920598
"primary","twi",4.95391645431519,0.169985898757546
"primary","twi",5.10682845115662,0.169217225597453
"primary","twi",5.24555600484212,0.169298763874753
"primary","twi",5.39124280611674,0.169585908998977
"primary","twi",5.53386173248291,0.170118816477881
"primary","twi",5.67135670979818,0.170435424158305
"primary","twi",5.83074061075846,0.170696228660177
"primary","twi",5.98736238479614,0.170584328510619
"primary","twi",6.14644997914632,0.17099608608188
"primary","twi",6.29800343513489,0.171224873006459
"primary","twi",6.48220806121826,0.171528273898222
"primary","twi",6.73968505859375,0.170655904903197
"primary","twi",7.01339728037516,0.16710738718172
"primary","twi",7.33153285980225,0.165728183328548
"primary","twi",7.7430495262146,0.163801792700643
"primary","twi",8.42735945383708,0.160710650919755
"primary","twi",11.5761442184448,0.162620391055
"primary","slope",13.0260490099589,0.199782947177138
"primary","slope",15.9748831431071,0.195660198590152
"primary","slope",18.0308881759644,0.194081598971888
"primary","slope",19.6550577799479,0.194093791480026
"primary","slope",20.919519106547,0.194128876127463
"primary","slope",22.0030704498291,0.194006946487033
"primary","slope",23.094579188029,0.194056159467251
"primary","slope",24.0639232635498,0.193198466262583
"primary","slope",25.057017326355,0.188993339810854
"primary","slope",26.0039850870768,0.176204179749677
"primary","slope",26.9282240549723,0.173807505385088
"primary","slope",27.9295150756836,0.170874364015826
"primary","slope",28.9311526616414,0.168357522954422
"primary","slope",30.0315519968669,0.16053913681111
"primary","slope",30.8953294754028,0.154588945523213
"primary","slope",31.6989966074626,0.148107771100581
"primary","slope",32.569421895345,0.140096283380215
"primary","slope",33.4789588928223,0.133501322157592
"primary","slope",34.175979868571,0.131893507697122
"primary","slope",34.9394162495931,0.125499735809549
"primary","slope",35.6000408172607,0.124162745826343
"primary","slope",36.2957481384277,0.12281872914654
"primary","slope",36.9740580240885,0.121461781082992
"primary","slope",37.7294303894043,0.119997110969905
"primary","slope",38.6028448740641,0.11499711191296
"primary","slope",39.7773150126139,0.113143365637674
"primary","slope",41.1743114471436,0.110326769850566
"primary","slope",43.3467005411784,0.105453545058767
"primary","slope",46.3588476816813,0.102329174104588
"primary","slope",62.0685234069824,0.0937203556901056
"primary","snow_mean",110.699996948242,0.0830346974166543
"primary","snow_mean",124.099998474121,0.0843163051009334
"primary","snow_mean",126.599998474121,0.0849285759441056
"primary","snow_mean",129.100006103516,0.0857865377430722
"primary","snow_mean",132.399993896484,0.0874591318327997
"primary","snow_mean",136.416661580404,0.0907804339385223
"primary","snow_mean",141,0.0974814961291095
"primary","snow_mean",146.243332926432,0.120302918060435
"primary","snow_mean",151.406660970052,0.224469554705712
"primary","snow_mean",157.300003051758,0.23115739082758
"primary","snow_mean",162.300003051758,0.235607912105105
"primary","snow_mean",166.396660868327,0.238157681850897
"primary","snow_mean",169.660000610352,0.240068276408705
"primary","snow_mean",172.199996948242,0.240911075732271
"primary","snow_mean",175.186664835612,0.239103021596593
"primary","snow_mean",177.399993896484,0.235437396807562
"primary","snow_mean",179.713331095378,0.224482717248298
"primary","snow_mean",181.899993896484,0.21615441436914
"primary","snow_mean",183.899993896484,0.212061298633665
"primary","snow_mean",186,0.180172250987471
"primary","snow_mean",187.899993896484,0.162830359076822
"primary","snow_mean",189.729998779297,0.147361337577006
"primary","snow_mean",191.5,0.126607040180919
"primary","snow_mean",193.399993896484,0.112494975844625
"primary","snow_mean",195.699996948242,0.0937126070244262
"primary","snow_mean",197.800003051758,0.0896474594975036
"primary","snow_mean",200.600006103516,0.0861514908791422
"primary","snow_mean",203.909994506836,0.0836887509133804
"primary","snow_mean",207.300003051758,0.0841006969684574
"primary","snow_mean",214.736665852865,0.0851373879268647
"primary","snow_mean",230.899993896484,0.0881685011337792
"primary","elevation",2361.47583007812,0.115318004536311
"primary","elevation",2391.05749511719,0.241845778049333
"primary","elevation",2408.93133138021,0.248054145296072
"primary","elevation",2420.69853515625,0.261567595706358
"primary","elevation",2434.79244791667,0.265637221391691
"primary","elevation",2442.98034667969,0.260926285573434
"primary","elevation",2451.0458984375,0.257713648523772
"primary","elevation",2460.90432128906,0.254015433438054
"primary","elevation",2474.00107421875,0.240136660995263
"primary","elevation",2489.18820800781,0.211025619007306
"primary","elevation",2505.82120768229,0.207056040181836
"primary","elevation",2519.60244140625,0.183957493811566
"primary","elevation",2531.98720703125,0.118864926297051
"primary","elevation",2550.77530110677,0.0952047172849599
"primary","elevation",2568.23064778646,0.07930827192985
"primary","elevation",2585.45751953125,0.0757697216059329
"primary","elevation",2601.673828125,0.074601873309343
"primary","elevation",2619.91550292969,0.0739644645159052
"primary","elevation",2639.27001953125,0.0735074447046456
"primary","elevation",2658.30598958333,0.07280238492794
"primary","elevation",2679.49202473958,0.0724361711411529
"primary","elevation",2702.57570800781,0.0723057891273986
"primary","elevation",2727.04682617188,0.0721518581545675
"primary","elevation",2756.4443359375,0.0720752789250547
"primary","elevation",2783.11655273438,0.0720302497131352
"primary","elevation",2804.81827799479,0.0720049839313842
"primary","elevation",2829.59420572917,0.071984731845642
"primary","elevation",2863.49091796875,0.0719669308958412
"primary","elevation",2903.82347005208,0.0719548521660916
"primary","elevation",2948.41477864583,0.0719478409233058
"primary","elevation",3004.20263671875,0.0719437175535513
