"dist12","p9_k3","p9_k5","p9_k10","p9_logdist","slope","elevation","TPI","twi","northness","eastness","snow_mean"
0,0.958787376380741,0.122513342568653,0.0111124467213955,0.288781547588255,33.0288429260254,2635.30212402344,0.00878385873511434,5.09991812705994,0.300008654594421,-0.864440679550171,178.199996948242
5,0.944614406060805,0.0897997850819099,0.00712105297671758,0.00652351753146555,33.0288429260254,2635.30212402344,0.00878385873511434,5.09991812705994,0.300008654594421,-0.864440679550171,178.199996948242
10,0.925944354232454,0.0651781625381574,0.00456074208302785,0.0026960101118607,33.0288429260254,2635.30212402344,0.00878385873511434,5.09991812705994,0.300008654594421,-0.864440679550171,178.199996948242
15,0.901638713406447,0.0469745865043662,0.00292795653890641,0.00210410112481754,33.0288429260254,2635.30212402344,0.00878385873511434,5.09991812705994,0.300008654594421,-0.864440679550171,178.199996948242
20,0.870479093487791,0.0336967987226928,0.00189203076547479,0.00197513216895665,33.0288429260254,2635.30212402344,0.00878385873511434,5.09991812705994,0.300008654594421,-0.864440679550171,178.199996948242
25,0.831311706252642,0.0241083643483595,0.00123683696465704,0.00193528248369853,33.0288429260254,2635.30212402344,0.00878385873511434,5.09991812705994,0.300008654594421,-0.864440679550171,178.199996948242
30,0.783279742069548,0.0172336469683465,0.000822549219054334,0.00188840568624397,33.0288429260254,2635.30212402344,0.00878385873511434,5.09991812705994,0.300008654594421,-0.864440679550171,178.199996948242
35,0.72612854936055,0.0123285089942683,0.000559819628160164,0.00181046125061978,33.0288429260254,2635.30212402344,0.00878385873511434,5.09991812705994,0.300008654594421,-0.864440679550171,178.199996948242
40,0.660516541278982,0.00883896420883322,0.000392231928198318,0.00170324414856505,33.0288429260254,2635.30212402344,0.00878385873511434,5.09991812705994,0.300008654594421,-0.864440679550171,178.199996948242
45,0.588209191130706,0.00635976024138126,0.00028451080592695,0.00157689421646602,33.0288429260254,2635.30212402344,0.00878385873511434,5.09991812705994,0.300008654594421,-0.864440679550171,178.199996948242
50,0.512019600945531,0.00459821872631322,0.000214752942382512,0.0014422938234662,33.0288429260254,2635.30212402344,0.00878385873511434,5.09991812705994,0.300008654594421,-0.864440679550171,178.199996948242
55,0.435431732635929,0.00334492788159703,0.000169418859081009,0.00130815020765888,33.0288429260254,2635.30212402344,0.00878385873511434,5.09991812705994,0.300008654594421,-0.864440679550171,178.199996948242
60,0.361989745065735,0.00245105517618559,0.00014017040702881,0.00118036073787794,33.0288429260254,2635.30212402344,0.00878385873511434,5.09991812705994,0.300008654594421,-0.864440679550171,178.199996948242
65,0.294667352094979,0.00181131349119428,0.000121909787669376,0.00106234869792607,33.0288429260254,2635.30212402344,0.00878385873511434,5.09991812705994,0.300008654594421,-0.864440679550171,178.199996948242
70,0.235442227546311,0.00135144204192833,0.000111583999509271,0.000955688559759624,33.0288429260254,2635.30212402344,0.00878385873511434,5.09991812705994,0.300008654594421,-0.864440679550171,178.199996948242
75,0.185183296951598,0.0010191458335238,0.000107470123765746,0.000860713710990729,33.0288429260254,2635.30212402344,0.00878385873511434,5.09991812705994,0.300008654594421,-0.864440679550171,178.199996948242
80,0.143807354201933,0.000777611780555262,0.000108761282813011,0.000776999639213342,33.0288429260254,2635.30212402344,0.00878385873511434,5.09991812705994,0.300008654594421,-0.864440679550171,178.199996948242
85,0.110575048464855,0.000600907229642006,0.0001153412023362,0.000703708808494917,33.0288429260254,2635.30212402344,0.00878385873511434,5.09991812705994,0.300008654594421,-0.864440679550171,178.199996948242
90,0.0843987358789696,0.000470734224347383,0.000127676606544071,0.000639818955159367,33.0288429260254,2635.30212402344,0.00878385873511434,5.09991812705994,0.300008654594421,-0.864440679550171,178.199996948242
95,0.0640863710549259,0.000374149942012045,0.000146778024448441,0.000584264608486016,33.0288429260254,2635.30212402344,0.00878385873511434,5.09991812705994,0.300008654594421,-0.864440679550171,178.199996948242
100,0.0484992529582243,0.000301970281245303,0.000174185093378901,0.000536018700994255,33.0288429260254,2635.30212402344,0.00878385873511434,5.09991812705994,0.300008654594421,-0.864440679550171,178.199996948242
105,0.0366342680176116,0.000247653701403607,0.00021192472114455,0.000494135028246486,33.0288429260254,2635.30212402344,0.00878385873511434,5.09991812705994,0.300008654594421,-0.864440679550171,178.199996948242
110,0.0276530257306351,0.000206521299437884,0.000262373274947342,0.000457766323839684,33.0288429260254,2635.30212402344,0.00878385873511434,5.09991812705994,0.300008654594421,-0.864440679550171,178.199996948242
115,0.0208794405823864,0.000175211670686967,0.000327936488910228,0.00042616789814228,33.0288429260254,2635.30212402344,0.00878385873511434,5.09991812705994,0.300008654594421,-0.864440679550171,178.199996948242
120,0.0157817207725783,0.000151299482647666,0.000410462118344814,0.000398693274407497,33.0288429260254,2635.30212402344,0.00878385873511434,5.09991812705994,0.300008654594421,-0.864440679550171,178.199996948242
125,0.0119488254606327,0.000133028178422082,0.000510349829056514,0.00037478583492521,33.0288429260254,2635.30212402344,0.00878385873511434,5.09991812705994,0.300008654594421,-0.864440679550171,178.199996948242
130,0.0090669249363816,0.000119122315555367,0.000625448171832317,0.000353968887760086,33.0288429260254,2635.30212402344,0.00878385873511434,5.09991812705994,0.300008654594421,-0.864440679550171,178.199996948242
135,0.00689844844749188,0.000108655587179337,0.000750026771297582,0.000335835536967497,33.0288429260254,2635.30212402344,0.00878385873511434,5.09991812705994,0.300008654594421,-0.864440679550171,178.199996948242
140,0.00526459667594243,0.000100957909517311,0.000874312337183135,0.000320039097985792,33.0288429260254,2635.30212402344,0.00878385873511434,5.09991812705994,0.300008654594421,-0.864440679550171,178.199996948242
145,0.00403131330781478,9.55500562400023e-05,0.000985132667371111,0.000306284411096916,33.0288429260254,2635.30212402344,0.00878385873511434,5.09991812705994,0.300008654594421,-0.864440679550171,178.199996948242
150,0.00309831912706819,9.20978558225722e-05,0.00106796651972777,0.000294320178051835,33.0288429260254,2635.30212402344,0.00878385873511434,5.09991812705994,0.300008654594421,-0.864440679550171,178.199996948242
155,0.00239068832783055,9.03804204795893e-05,0.00111012500309365,0.000283932319586433,33.0288429260254,2635.30212402344,0.00878385873511434,5.09991812705994,0.300008654594421,-0.864440679550171,178.199996948242
160,0.00185245444904546,9.02685762667393e-05,0.00110411977647143,0.000274938285292281,33.0288429260254,2635.30212402344,0.00878385873511434,5.09991812705994,0.300008654594421,-0.864440679550171,178.199996948242
165,0.00144179644254854,9.17108428606049e-05,0.00104992385214649,0.000267182217924832,33.0288429260254,2635.30212402344,0.00878385873511434,5.09991812705994,0.300008654594421,-0.864440679550171,178.199996948242
170,0.00112743441129726,9.4725123739882e-05,0.000955130014152799,0.000260530865113352,33.0288429260254,2635.30212402344,0.00878385873511434,5.09991812705994,0.300008654594421,-0.864440679550171,178.199996948242
175,0.000885940860461575,9.93948169622273e-05,0.000832890508916478,0.000254870134424826,33.0288429260254,2635.30212402344,0.00878385873511434,5.09991812705994,0.300008654594421,-0.864440679550171,178.199996948242
180,0.000699739423143,0.000105868410619728,0.000698489887889381,0.000250102195970985,33.0288429260254,2635.30212402344,0.00878385873511434,5.09991812705994,0.300008654594421,-0.864440679550171,178.199996948242
185,0.00055561708414423,0.000114361825334962,0.000565891716966588,0.000246143047572488,33.0288429260254,2635.30212402344,0.00878385873511434,5.09991812705994,0.300008654594421,-0.864440679550171,178.199996948242
190,0.000443618607521871,0.000125162828336484,0.000445382910021841,0.000242920468632434,33.0288429260254,2635.30212402344,0.00878385873511434,5.09991812705994,0.300008654594421,-0.864440679550171,178.199996948242
195,0.000356224820877738,0.000138636774144748,0.000342757878285816,0.00024037229970735,33.0288429260254,2635.30212402344,0.00878385873511434,5.09991812705994,0.300008654594421,-0.864440679550171,178.199996948242
200,0.000287741461720469,0.000155232721139205,0.000259799761040159,0.000238444994377552,33.0288429260254,2635.30212402344,0.00878385873511434,5.09991812705994,0.300008654594421,-0.864440679550171,178.199996948242
205,0.00023384414573,0.000175488621998033,0.000195458510298702,0.000237092398632905,33.0288429260254,2635.30212402344,0.00878385873511434,5.09991812705994,0.300008654594421,-0.864440679550171,178.199996948242
210,0.000191239106845581,0.00020003378438491,0.000147138000974856,0.000236274720202277,33.0288429260254,2635.30212402344,0.00878385873511434,5.09991812705994,0.300008654594421,-0.864440679550171,178.199996948242
215,0.000157409837993088,0.000229586156949026,0.000111726851833571,0.00023595765665636,33.0288429260254,2635.30212402344,0.00878385873511434,5.09991812705994,0.300008654594421,-0.864440679550171,178.199996948242
220,0.000130427529468159,0.000264941259513303,8.62528143678525e-05,0.000236111656256507,33.0288429260254,2635.30212402344,0.00878385873511434,5.09991812705994,0.300008654594421,-0.864440679550171,178.199996948242
225,0.000108808948880241,0.000306948841926941,6.8202709888591e-05,0.000236711289940421,33.0288429260254,2635.30212402344,0.00878385873511434,5.09991812705994,0.300008654594421,-0.864440679550171,178.199996948242
230,9.14096531270046e-05,0.000356472795808575,5.56138516937289e-05,0.000237734716509755,33.0288429260254,2635.30212402344,0.00878385873511434,5.09991812705994,0.300008654594421,-0.864440679550171,178.199996948242
235,7.73435592158267e-05,0.000414329720857062,4.70411482866682e-05,0.000239163226061032,33.0288429260254,2635.30212402344,0.00878385873511434,5.09991812705994,0.300008654594421,-0.864440679550171,178.199996948242
240,6.59222172242502e-05,0.000481202220569463,4.14751027186295e-05,0.000240980849186466,33.0288429260254,2635.30212402344,0.00878385873511434,5.09991812705994,0.300008654594421,-0.864440679550171,178.199996948242
245,5.66088403496096e-05,0.000557524888722698,3.8254821993207e-05,0.000243174021844308,33.0288429260254,2635.30212402344,0.00878385873511434,5.09991812705994,0.300008654594421,-0.864440679550171,178.199996948242
250,4.89834127427994e-05,0.000643344447059473,3.69973184430417e-05,0.000245731296847572,33.0288429260254,2635.30212402344,0.00878385873511434,5.09991812705994,0.300008654594421,-0.864440679550171,178.199996948242
255,4.2716132806543e-05,0.00073816084434833,3.75510622836486e-05,0.000248643095263296,33.0288429260254,2635.30212402344,0.00878385873511434,5.09991812705994,0.300008654594421,-0.864440679550171,178.199996948242
260,3.75471441691962e-05,0.000840763205633387,3.99754709706143e-05,0.00025190149128521,33.0288429260254,2635.30212402344,0.00878385873511434,5.09991812705994,0.300008654594421,-0.864440679550171,178.199996948242
265,3.32710221234988e-05,0.000949082620935552,4.45456846016159e-05,0.00025550002572599,33.0288429260254,2635.30212402344,0.00878385873511434,5.09991812705994,0.300008654594421,-0.864440679550171,178.199996948242
270,2.97248667044974e-05,0.0010600914229008,5.17808327656548e-05,0.00025943354390651,33.0288429260254,2635.30212402344,0.00878385873511434,5.09991812705994,0.300008654594421,-0.864440679550171,178.199996948242
275,2.6779139205608e-05,0.00116978359671489,6.24915717094078e-05,0.000263698054275452,33.0288429260254,2635.30212402344,0.00878385873511434,5.09991812705994,0.300008654594421,-0.864440679550171,178.199996948242
280,2.43305921717586e-05,0.00127327057673775,7.78363563963387e-05,0.000268290604803731,33.0288429260254,2635.30212402344,0.00878385873511434,5.09991812705994,0.300008654594421,-0.864440679550171,178.199996948242
285,2.22968024719039e-05,0.00136501834798225,9.93629447516502e-05,0.000273209174610195,33.0288429260254,2635.30212402344,0.00878385873511434,5.09991812705994,0.300008654594421,-0.864440679550171,178.199996948242
290,2.06119367600127e-05,0.0014392340434976,0.000128990264002042,0.000278452578664477,33.0288429260254,2635.30212402344,0.00878385873511434,5.09991812705994,0.300008654594421,-0.864440679550171,178.199996948242
295,1.92234687161865e-05,0.00149038385568237,0.000168858621074677,0.000284020383743675,33.0288429260254,2635.30212402344,0.00878385873511434,5.09991812705994,0.300008654594421,-0.864440679550171,178.199996948242
300,1.80896354975253e-05,0.00151379277297808,0.000220955984736232,0.000289912834096624,33.0288429260254,2635.30212402344,0.00878385873511434,5.09991812705994,0.300008654594421,-0.864440679550171,178.199996948242
305,1.71774724572094e-05,0.00150624709666451,0.000286442558529272,0.000296130785497694,33.0288429260254,2635.30212402344,0.00878385873511434,5.09991812705994,0.300008654594421,-0.864440679550171,178.199996948242
310,1.64613046129414e-05,0.00146650140599431,0.00036468402298305,0.00030267564652281,33.0288429260254,2635.30212402344,0.00878385873511434,5.09991812705994,0.300008654594421,-0.864440679550171,178.199996948242
315,1.59216037275774e-05,0.00139559066670029,0.000452189895051194,0.00030954932615649,33.0288429260254,2635.30212402344,0.00878385873511434,5.09991812705994,0.300008654594421,-0.864440679550171,178.199996948242
320,1.55441435926367e-05,0.0012968701857649,0.000541897431824325,0.000316754186924308,33.0288429260254,2635.30212402344,0.00878385873511434,5.09991812705994,0.300008654594421,-0.864440679550171,178.199996948242
325,1.53194050169261e-05,0.00117574984886494,0.000623398027450753,0.000324293002674751,33.0288429260254,2635.30212402344,0.00878385873511434,5.09991812705994,0.300008654594421,-0.864440679550171,178.199996948242
330,1.52421975562127e-05,0.00103914639606291,0.000684559366341937,0.000332168920599703,33.0288429260254,2635.30212402344,0.00878385873511434,5.09991812705994,0.300008654594421,-0.864440679550171,178.199996948242
335,1.53114783576141e-05,0.000894734761728392,0.000714437092420713,0.000340385426955232,33.0288429260254,2635.30212402344,0.00878385873511434,5.09991812705994,0.300008654594421,-0.864440679550171,178.199996948242
340,1.55303606388979e-05,0.000750121422027812,0.000706581560000124,0.000348946315784451,33.0288429260254,2635.30212402344,0.00878385873511434,5.09991812705994,0.300008654594421,-0.864440679550171,178.199996948242
345,1.59063162130933e-05,0.000612077265740369,0.00066133227380895,0.000357855660708455,33.0288429260254,2635.30212402344,0.00878385873511434,5.09991812705994,0.300008654594421,-0.864440679550171,178.199996948242
350,1.64515890429368e-05,0.00048595040214578,0.000585941752398206,0.000367117788920702,33.0288429260254,2635.30212402344,0.00878385873511434,5.09991812705994,0.300008654594421,-0.864440679550171,178.199996948242
355,1.71838511179939e-05,0.000375335640478347,0.000492378716199858,0.000376737257561344,33.0288429260254,2635.30212402344,0.00878385873511434,5.09991812705994,0.300008654594421,-0.864440679550171,178.199996948242
360,1.81271492364558e-05,0.00028201998503251,0.000393814459394848,0.000386718831953938,33.0288429260254,2635.30212402344,0.00878385873511434,5.09991812705994,0.300008654594421,-0.864440679550171,178.199996948242
365,1.93132131349898e-05,0.000206168438236401,0.000301330548444908,0.000397067465464991,33.0288429260254,2635.30212402344,0.00878385873511434,5.09991812705994,0.300008654594421,-0.864440679550171,178.199996948242
370,2.07832239537656e-05,0.000146675422470174,0.000222018045368116,0.000407788281056335,33.0288429260254,2635.30212402344,0.00878385873511434,5.09991812705994,0.300008654594421,-0.864440679550171,178.199996948242
375,2.25901801348825e-05,0.000101591447833634,0.000158749981830672,0.000418886554089757,33.0288429260254,2635.30212402344,0.00878385873511434,5.09991812705994,0.300008654594421,-0.864440679550171,178.199996948242
380,2.48020495297168e-05,6.85416684394053e-05,0.000111139860389149,0.000430367696327616,33.0288429260254,2635.30212402344,0.00878385873511434,5.09991812705994,0.300008654594421,-0.864440679550171,178.199996948242
385,2.75059673600222e-05,4.50758903596427e-05,7.69249750308058e-05,0.000442237241093323,33.0288429260254,2635.30212402344,0.00878385873511434,5.09991812705994,0.300008654594421,-0.864440679550171,178.199996948242
390,3.08138377306685e-05,2.89188874004075e-05,5.31815546608595e-05,0.000454500829401841,33.0288429260254,2635.30212402344,0.00878385873511434,5.09991812705994,0.300008654594421,-0.864440679550171,178.199996948242
395,3.48698330565384e-05,1.81168490252622e-05,3.71128777319307e-05,0.000467164196964887,33.0288429260254,2635.30212402344,0.00878385873511434,5.09991812705994,0.300008654594421,-0.864440679550171,178.199996948242
400,3.9860477483174e-05,1.10949110645948e-05,2.64192069593189e-05,0.000480233162011103,33.0288429260254,2635.30212402344,0.00878385873511434,5.09991812705994,0.300008654594421,-0.864440679550171,178.199996948242
